sst_id,feature_id,species_id,cite_id
1,1,Aethiacristatella,citation314
2,1,Aethiacristatella,citation211
3,1,Aethiacristatella,citation149
4,1,Aethiacristatella,citation99
5,2,Aethiapsittacula,citation62
6,2,Aethiapsittacula,citation314
7,2,Aethiapsittacula,citation189
8,3,Aethiapusilla,citation243
9,3,Aethiapusilla,citation62
10,3,Aethiapusilla,citation314
11,3,Aethiapusilla,citation150
12,3,Aethiapusilla,citation148
13,4,Aethiapygmaea,citation47
14,4,Aethiapygmaea,citation189
15,4,Aethiapygmaea,citation140
16,5,Alcatorda,citation62
17,5,Alcatorda,citation123
18,5,Alcatorda,citation314
19,5,Alcatorda,citation99
20,5,Alcatorda,citation159
21,5,Alcatorda,citation35
22,6,Allealle,citation62
23,6,Allealle,citation99
24,6,Allealle,citation314
25,7,Brachyramphusbrevirostris,citation314
26,7,Brachyramphusbrevirostris,citation189
27,7,Brachyramphusbrevirostris,citation68
28,8,Brachyramphusmarmoratus,citation62
29,8,Brachyramphusmarmoratus,citation314
30,8,Brachyramphusmarmoratus,citation188
31,8,Brachyramphusmarmoratus,citation187
32,8,Brachyramphusmarmoratus,citation203
33,8,Brachyramphusmarmoratus,citation19
34,9,Brachyramphusperdix,citation189
35,10,Cepphuscarbo,citation126
36,10,Cepphuscarbo,citation189
37,11,Cepphuscolumba,citation62
38,11,Cepphuscolumba,citation314
39,11,Cepphuscolumba,citation88
40,11,Cepphuscolumba,citation291
41,11,Cepphuscolumba,citation16
42,12,Cepphusgrylle,citation207
43,12,Cepphusgrylle,citation62
44,12,Cepphusgrylle,citation314
45,12,Cepphusgrylle,citation16
46,13,Cerorhincamonocerata,citation300
47,13,Cerorhincamonocerata,citation314
48,13,Cerorhincamonocerata,citation99
49,13,Cerorhincamonocerata,citation97
50,13,Cerorhincamonocerata,citation16
51,14,Fraterculaarctica,citation8
52,14,Fraterculaarctica,citation62
53,14,Fraterculaarctica,citation314
54,14,Fraterculaarctica,citation35
55,14,Fraterculaarctica,citation16
56,14,Fraterculaarctica,citation29
57,15,Fraterculacirrhata,citation126
58,15,Fraterculacirrhata,citation62
59,15,Fraterculacirrhata,citation314
60,15,Fraterculacirrhata,citation189
61,16,Fraterculacorniculata,citation62
62,16,Fraterculacorniculata,citation314
63,16,Fraterculacorniculata,citation189
64,17,Pinguinusimpennis,citation172
65,18,Ptychoramphusaleuticus,citation62
66,18,Ptychoramphusaleuticus,citation314
67,18,Ptychoramphusaleuticus,citation164
68,18,Ptychoramphusaleuticus,citation163
69,18,Ptychoramphusaleuticus,citation278
70,18,Ptychoramphusaleuticus,citation22
71,18,Ptychoramphusaleuticus,citation220
72,18,Ptychoramphusaleuticus,citation16
73,19,Synthliboramphusantiquus,citation102
74,19,Synthliboramphusantiquus,citation314
75,19,Synthliboramphusantiquus,citation96
76,20,Synthliboramphuscraveri,citation62
77,20,Synthliboramphuscraveri,citation314
78,20,Synthliboramphuscraveri,citation69
79,20,Synthliboramphuscraveri,citation189
80,21,Synthliboramphushypoleucus,citation126
81,21,Synthliboramphushypoleucus,citation314
82,21,Synthliboramphushypoleucus,citation76
83,22,Synthliboramphusscrippsi,citation194
84,23,Synthliboramphuswumizusume,citation126
85,23,Synthliboramphuswumizusume,citation189
86,24,Uriaaalge,citation269
87,24,Uriaaalge,citation314
88,24,Uriaaalge,citation124
89,24,Uriaaalge,citation125
90,24,Uriaaalge,citation16
91,24,Uriaaalge,citation35
92,24,Uriaaalge,citation236
93,24,Uriaaalge,citation43
94,24,Uriaaalge,citation162
95,25,Urialomvia,citation100
96,25,Urialomvia,citation314
97,25,Urialomvia,citation101
98,25,Urialomvia,citation98
99,25,Urialomvia,citation16
100,26,Anhingaanhinga,citation194
101,27,Anhingamelanogaster,citation194
102,28,Anhinganovaehollandiae,citation194
103,29,Anhingarufa,citation194
104,30,Agamiaagami,citation194
105,31,Ardeaalba,citation194
106,32,Ardeabrachyrhyncha,citation194
107,33,Ardeacinerea,citation194
108,34,Ardeacocoi,citation194
109,35,Ardeagoliath,citation194
110,36,Ardeaherodias,citation194
111,37,Ardeahumbloti,citation194
112,38,Ardeainsignis,citation194
113,39,Ardeaintermedia,citation194
114,40,Ardeamelanocephala,citation194
115,41,Ardeapacifica,citation194
116,42,Ardeaplumifera,citation194
117,43,Ardeapurpurea,citation194
118,44,Ardeasumatrana,citation194
119,45,Ardeolabacchus,citation194
120,46,Ardeolagrayii,citation194
121,47,Ardeolaidae,citation194
122,48,Ardeolaralloides,citation194
123,49,Ardeolarufiventris,citation194
124,50,Ardeolaspeciosa,citation194
125,51,Botauruslentiginosus,citation194
126,52,Botauruspinnatus,citation194
127,53,Botauruspoiciloptilus,citation194
128,54,Botaurusstellaris,citation194
129,55,Bubulcusibis,citation194
130,56,Butoridesstriata,citation194
131,57,Calherodiusleuconotus,citation194
132,58,Cochleariuscochlearius,citation194
133,59,Egrettaardesiaca,citation194
134,60,Egrettacaerulea,citation194
135,61,Egrettaeulophotes,citation194
136,62,Egrettagarzetta,citation194
137,63,Egrettagularis,citation194
138,64,Egrettanovaehollandiae,citation194
139,65,Egrettapicata,citation194
140,66,Egrettarufescens,citation194
141,67,Egrettasacra,citation194
142,68,Egrettathula,citation194
143,69,Egrettatricolor,citation194
144,70,Egrettavinaceigula,citation194
145,71,Gorsachiusgoisagi,citation194
146,72,Gorsachiusmagnificus,citation194
147,73,Gorsachiusmelanolophus,citation194
148,74,Ixobrychuscinnamomeus,citation194
149,75,Ixobrychusdubius,citation194
150,76,Ixobrychuseurhythmus,citation194
151,77,Ixobrychusexilis,citation194
152,78,Ixobrychusflavicollis,citation194
153,79,Ixobrychusinvolucris,citation194
154,80,Ixobrychusminutus,citation194
155,81,Ixobrychusnovaezelandiae,citation194
156,82,Ixobrychussinensis,citation194
157,83,Ixobrychussturmii,citation194
158,84,Nyctanassacarcinocatactes,citation194
159,85,Nyctanassaviolacea,citation194
160,86,Nycticoraxcaledonicus,citation194
161,87,Nycticoraxduboisi,citation194
162,88,Nycticoraxmauritianus,citation194
163,89,Nycticoraxmegacephalus,citation194
164,90,Nycticoraxnycticorax,citation194
165,91,Pilherodiuspileatus,citation194
166,92,Syrigmasibilatrix,citation194
167,93,Tigriornisleucolopha,citation194
168,94,Tigrisomafasciatum,citation194
169,95,Tigrisomalineatum,citation194
170,96,Tigrisomamexicanum,citation194
171,97,Zebrilusundulatus,citation194
172,98,Zonerodiusheliosylus,citation194
173,99,Balaenicepsrex,citation194
174,100,Burhinusbistriatus,citation194
175,101,Burhinuscapensis,citation194
176,102,Burhinusgrallarius,citation194
177,103,Burhinusindicus,citation194
178,104,Burhinusoedicnemus,citation194
179,105,Burhinussenegalensis,citation194
180,106,Burhinussuperciliaris,citation194
181,107,Burhinusvermiculatus,citation194
182,108,Esacusmagnirostris,citation194
183,109,Esacusrecurvirostris,citation194
184,110,Anarhynchusfrontalis,citation194
185,111,Charadriusalexandrinus,citation194
186,112,Charadriusalticola,citation194
187,113,Charadriusaquilonius,citation194
188,114,Charadriusasiaticus,citation194
189,115,Charadriusbicinctus,citation194
190,116,Charadriusbifrontatus,citation194
191,117,Charadriuscollaris,citation194
192,118,Charadriusdealbatus,citation194
193,119,Charadriusdubius,citation194
194,120,Charadriusfalklandicus,citation194
195,121,Charadriusforbesi,citation194
196,122,Charadriushiaticula,citation194
197,123,Charadriusjavanicus,citation194
198,124,Charadriusleschenaultii,citation194
199,125,Charadriusmarginatus,citation194
200,126,Charadriusmelodus,citation194
201,127,Charadriusmodestus,citation194
202,128,Charadriusmongolus,citation194
203,129,Charadriusmontanus,citation194
204,130,Charadriusnivosus,citation194
205,131,Charadriusobscurus,citation194
206,132,Charadriuspallidus,citation194
207,133,Charadriuspecuarius,citation194
208,134,Charadriusperonii,citation194
209,135,Charadriusplacidus,citation194
210,136,Charadriusruficapillus,citation194
211,137,Charadriussanctaehelenae,citation194
212,138,Charadriussemipalmatus,citation194
213,139,Charadriusthoracicus,citation194
214,140,Charadriustricollaris,citation194
215,141,Charadriusveredus,citation194
216,142,Charadriusvociferus,citation194
217,143,Charadriuswilsonia,citation194
218,144,Elseyornismelanops,citation194
219,145,Erythrogonyscinctus,citation194
220,146,Eudromiasmorinellus,citation194
221,147,Hoploxypteruscayanus,citation194
222,148,Oreopholusruficollis,citation194
223,149,Peltohyasaustralis,citation194
224,150,Phegornismitchellii,citation194
225,151,Pluvialisapricaria,citation194
226,152,Pluvialisdominica,citation194
227,153,Pluvialisfulva,citation194
228,154,Pluvialissquatarola,citation194
229,155,Thinorniscucullatus,citation194
230,156,Thinornisnovaeseelandiae,citation194
231,157,Vanellusalbiceps,citation194
232,158,Vanellusarmatus,citation194
233,159,Vanelluschilensis,citation194
234,160,Vanelluscinereus,citation194
235,161,Vanelluscoronatus,citation194
236,162,Vanelluscrassirostris,citation194
237,163,Vanellusduvaucelii,citation194
238,164,Vanellusgregarius,citation194
239,165,Vanellusindicus,citation194
240,166,Vanellusleucurus,citation194
241,167,Vanelluslugubris,citation194
242,168,Vanellusmacropterus,citation194
243,169,Vanellusmalarbaricus,citation194
244,170,Vanellusmelanocephalus,citation194
245,171,Vanellusmelanopterus,citation194
246,172,Vanellusmiles,citation194
247,173,Vanellusnovaehollandiae,citation194
248,174,Vanellusresplendens,citation194
249,175,Vanellussenegallus,citation194
250,176,Vanellusspinosus,citation194
251,177,Vanellussuperciliosus,citation194
252,178,Vanellustectus,citation194
253,179,Vanellustricolor,citation194
254,180,Vanellusvanellus,citation194
255,181,Chionisalbus,citation194
256,182,Chionisminor,citation194
257,183,Diomedeaamsterdamensis,citation126
258,183,Diomedeaamsterdamensis,citation48
259,184,Diomedeaantipodensis,citation126
260,185,Diomedeadabbenena,citation126
261,186,Diomedeaepomophora,citation285
262,186,Diomedeaepomophora,citation62
263,186,Diomedeaepomophora,citation165
264,187,Diomedeaexulans,citation285
265,187,Diomedeaexulans,citation63
266,187,Diomedeaexulans,citation62
267,187,Diomedeaexulans,citation165
268,187,Diomedeaexulans,citation261
269,187,Diomedeaexulans,citation16
270,188,Diomedeasanfordi,citation126
271,188,Diomedeasanfordi,citation298
272,189,Phoebastriaalbatrus,citation48
273,190,Phoebastriaimmutabilis,citation90
274,190,Phoebastriaimmutabilis,citation305
275,190,Phoebastriaimmutabilis,citation16
276,191,Phoebastriairrorata,citation120
277,191,Phoebastriairrorata,citation48
278,192,Phoebastrianigripes,citation304
279,192,Phoebastrianigripes,citation240
280,192,Phoebastrianigripes,citation292
281,192,Phoebastrianigripes,citation16
282,193,Phoebetriafusca,citation62
283,193,Phoebetriafusca,citation165
284,193,Phoebetriafusca,citation298
285,194,Phoebetriapalpebrata,citation62
286,194,Phoebetriapalpebrata,citation165
287,194,Phoebetriapalpebrata,citation298
288,195,Thalassarchebulleri,citation165
289,195,Thalassarchebulleri,citation48
290,195,Thalassarchebulleri,citation246
291,195,Thalassarchebulleri,citation247
292,196,Thalassarchecarteri,citation48
293,197,Thalassarchecauta,citation165
294,197,Thalassarchecauta,citation48
295,198,Thalassarchechlororhynchos,citation62
296,198,Thalassarchechlororhynchos,citation165
297,199,Thalassarchechrysostoma,citation60
298,199,Thalassarchechrysostoma,citation63
299,199,Thalassarchechrysostoma,citation62
300,199,Thalassarchechrysostoma,citation165
301,200,Thalassarcheeremita,citation126
302,201,Thalassarcheimpavida,citation165
303,201,Thalassarcheimpavida,citation301
304,202,Thalassarchemelanophris,citation63
305,202,Thalassarchemelanophris,citation60
306,202,Thalassarchemelanophris,citation62
307,203,Thalassarchesalvini,citation126
308,204,Thalassarchesteadi,citation194
309,206,Fregataandrewsi,citation165
310,206,Fregataandrewsi,citation200
311,207,Fregataaquila,citation200
312,207,Fregataaquila,citation276
313,208,Fregataariel,citation70
314,208,Fregataariel,citation165
315,208,Fregataariel,citation253
316,208,Fregataariel,citation16
317,209,Fregatamagnificens,citation206
318,209,Fregatamagnificens,citation50
319,209,Fregatamagnificens,citation71
320,210,Fregataminor,citation70
321,210,Fregataminor,citation165
322,210,Fregataminor,citation253
323,210,Fregataminor,citation16
324,211,Cursoriuscoromandelicus,citation194
325,212,Cursoriuscursor,citation194
326,213,Cursoriusrufus,citation194
327,214,Cursoriussomalensis,citation194
328,215,Cursoriustemminckii,citation194
329,216,Glareolacinerea,citation194
330,217,Glareolalactea,citation194
331,218,Glareolamaldivarum,citation194
332,219,Glareolanordmanni,citation194
333,220,Glareolanuchalis,citation194
334,221,Glareolaocularis,citation194
335,222,Glareolapratincola,citation194
336,223,Rhinoptilusbitorquatus,citation194
337,224,Rhinoptiluschalcopterus,citation194
338,225,Rhinoptiluscinctus,citation194
339,226,Smutsornisafricanus,citation194
340,227,Stiltiaisabella,citation194
341,228,Haematopusater,citation194
342,229,Haematopuschathamensis,citation194
343,230,Haematopusfuliginosus,citation194
344,231,Haematopusleucopodus,citation194
345,232,Haematopuslongirostris,citation194
346,233,Haematopusmeadewaldoi,citation194
347,234,Haematopusmoquini,citation194
348,235,Haematopusostralegus,citation194
349,236,Haematopuspalliatus,citation194
350,237,Haematopusunicolor,citation194
351,238,Hydrobatescastro,citation298
352,238,Hydrobatescastro,citation48
353,239,Hydrobatesfurcatus,citation62
354,239,Hydrobatesfurcatus,citation298
355,239,Hydrobatesfurcatus,citation299
356,239,Hydrobatesfurcatus,citation16
357,240,Hydrobateshomochroa,citation2
358,240,Hydrobateshomochroa,citation298
359,240,Hydrobateshomochroa,citation299
360,240,Hydrobateshomochroa,citation1
361,240,Hydrobateshomochroa,citation16
362,241,Hydrobateshornbyi,citation48
363,242,Hydrobatesleucorhous,citation58
364,242,Hydrobatesleucorhous,citation239
365,242,Hydrobatesleucorhous,citation3
366,242,Hydrobatesleucorhous,citation298
367,242,Hydrobatesleucorhous,citation299
368,242,Hydrobatesleucorhous,citation141
369,242,Hydrobatesleucorhous,citation16
370,243,Hydrobatesmacrodactylus,citation194
371,244,Hydrobatesmarkhami,citation298
372,244,Hydrobatesmarkhami,citation48
373,245,Hydrobatesmatsudairae,citation165
374,245,Hydrobatesmatsudairae,citation48
375,246,Hydrobatesmelania,citation298
376,246,Hydrobatesmelania,citation48
377,247,Hydrobatesmicrosoma,citation48
378,247,Hydrobatesmicrosoma,citation113
379,248,Hydrobatesmonorhis,citation48
380,249,Hydrobatesmonteiroi,citation27
381,250,Hydrobatespelagicus,citation62
382,250,Hydrobatespelagicus,citation298
383,250,Hydrobatespelagicus,citation299
384,251,Hydrobatestethys,citation48
385,252,Hydrobatestristrami,citation298
386,252,Hydrobatestristrami,citation48
387,253,Ibidorhynchastruthersii,citation194
388,254,Actophilornisafricanus,citation194
389,255,Actophilornisalbinucha,citation194
390,256,Hydrophasianuschirurgus,citation194
391,257,Irediparragallinacea,citation194
392,258,Jacanajacana,citation194
393,259,Jacanaspinosa,citation194
394,260,Metopidiusindicus,citation194
395,261,Microparracapensis,citation194
396,262,Anousminutus,citation280
397,262,Anousminutus,citation103
398,263,Anousstolidus,citation34
399,263,Anousstolidus,citation16
400,264,Anoustenuirostris,citation104
401,264,Anoustenuirostris,citation228
402,265,Chlidoniasalbostriatus,citation104
403,266,Chlidoniashybrida,citation104
404,266,Chlidoniashybrida,citation12
405,267,Chlidoniasleucopterus,citation104
406,268,Chlidoniasniger,citation82
407,268,Chlidoniasniger,citation104
408,268,Chlidoniasniger,citation16
409,268,Chlidoniasniger,citation263
410,269,Creagrusfurcatus,citation122
411,269,Creagrusfurcatus,citation42
412,269,Creagrusfurcatus,citation272
413,270,Gelochelidonmacrotarsa,citation194
414,271,Gelochelidonnilotica,citation21
415,271,Gelochelidonnilotica,citation257
416,271,Gelochelidonnilotica,citation204
417,271,Gelochelidonnilotica,citation16
418,272,Gygisalba,citation185
419,272,Gygisalba,citation253
420,272,Gygisalba,citation16
421,273,Gygismicrorhyncha,citation104
422,273,Gygismicrorhyncha,citation135
423,274,Hydrocoloeusminutus,citation287
424,274,Hydrocoloeusminutus,citation89
425,275,Hydroprognecaspia,citation225
426,275,Hydroprognecaspia,citation104
427,275,Hydroprognecaspia,citation67
428,275,Hydroprognecaspia,citation16
429,275,Hydroprognecaspia,citation14
430,276,Larosternainca,citation104
431,277,Larusargentatus,citation153
432,277,Larusargentatus,citation212
433,277,Larusargentatus,citation213
434,277,Larusargentatus,citation81
435,277,Larusargentatus,citation215
436,277,Larusargentatus,citation42
437,277,Larusargentatus,citation16
438,277,Larusargentatus,citation35
439,277,Larusargentatus,citation216
440,277,Larusargentatus,citation51
441,277,Larusargentatus,citation217
442,277,Larusargentatus,citation30
443,278,Larusarmenicus,citation42
444,279,Larusatlanticus,citation42
445,280,Larusatricilla,citation254
446,280,Larusatricilla,citation251
447,280,Larusatricilla,citation40
448,281,Larusaudouinii,citation42
449,282,Larusbelcheri,citation42
450,283,Larusbrunnicephalus,citation42
451,284,Larusbulleri,citation42
452,285,Laruscachinnans,citation194
453,286,Laruscalifornicus,citation310
454,286,Laruscalifornicus,citation311
455,286,Laruscalifornicus,citation42
456,286,Laruscalifornicus,citation16
457,287,Laruscanus,citation42
458,288,Laruscirrocephalus,citation42
459,289,Laruscrassirostris,citation42
460,290,Larusdelawarensis,citation290
461,290,Larusdelawarensis,citation86
462,290,Larusdelawarensis,citation245
463,290,Larusdelawarensis,citation42
464,291,Larusdominicanus,citation135
465,291,Larusdominicanus,citation169
466,291,Larusdominicanus,citation170
467,291,Larusdominicanus,citation42
468,291,Larusdominicanus,citation171
469,291,Larusdominicanus,citation5
470,292,Larusfuliginosus,citation42
471,293,Larusfuscus,citation117
472,293,Larusfuscus,citation42
473,293,Larusfuscus,citation217
474,293,Larusfuscus,citation296
475,294,Larusgenei,citation42
476,294,Larusgenei,citation198
477,295,Larusglaucescens,citation289
478,295,Larusglaucescens,citation288
479,295,Larusglaucescens,citation42
480,295,Larusglaucescens,citation16
481,295,Larusglaucescens,citation234
482,296,Larusglaucoides,citation42
483,297,Larushartlaubii,citation42
484,298,Larusheermanni,citation42
485,299,Larushemprichii,citation42
486,300,Larushyperboreus,citation42
487,301,Larusichthyaetus,citation117
488,301,Larusichthyaetus,citation42
489,302,Larusleucophthalmus,citation42
490,303,Laruslivens,citation49
491,303,Laruslivens,citation42
492,303,Laruslivens,citation205
493,304,Larusmaculipennis,citation42
494,305,Larusmarinus,citation58
495,305,Larusmarinus,citation42
496,305,Larusmarinus,citation107
497,305,Larusmarinus,citation16
498,306,Larusmelanocephalus,citation42
499,307,Larusmichahellis,citation42
500,308,Larusmodestus,citation42
501,309,Larusnovaehollandiae,citation191
502,309,Larusnovaehollandiae,citation126
503,309,Larusnovaehollandiae,citation42
504,310,Larusoccidentalis,citation20
505,310,Larusoccidentalis,citation49
506,310,Larusoccidentalis,citation214
507,310,Larusoccidentalis,citation42
508,310,Larusoccidentalis,citation16
509,310,Larusoccidentalis,citation270
510,311,Laruspacificus,citation42
511,312,Larusphiladelphia,citation42
512,313,Laruspipixcan,citation37
513,313,Laruspipixcan,citation38
514,313,Laruspipixcan,citation41
515,313,Laruspipixcan,citation16
516,314,Larusrelictus,citation42
517,315,Larusridibundus,citation42
518,315,Larusridibundus,citation272
519,315,Larusridibundus,citation219
520,316,Larusschistisagus,citation42
521,317,Larusscopulinus,citation135
522,317,Larusscopulinus,citation170
523,317,Larusscopulinus,citation171
524,318,Larusscoresbii,citation315
525,319,Larusserranus,citation42
526,320,Larussmithsonianus,citation194
527,321,Larusthayeri,citation42
528,322,Onychoprionaleuticus,citation10
529,322,Onychoprionaleuticus,citation195
530,323,Onychoprionanaethetus,citation116
531,323,Onychoprionanaethetus,citation135
532,323,Onychoprionanaethetus,citation78
533,323,Onychoprionanaethetus,citation79
534,324,Onychoprionfuscatus,citation104
535,324,Onychoprionfuscatus,citation16
536,325,Onychoprionlunatus,citation6
537,325,Onychoprionlunatus,citation175
538,326,Pagophilaeburnea,citation58
539,326,Pagophilaeburnea,citation115
540,326,Pagophilaeburnea,citation272
541,326,Pagophilaeburnea,citation273
542,326,Pagophilaeburnea,citation294
543,327,Phaetusasimplex,citation104
544,328,Procelsternaalbivitta,citation104
545,329,Procelsternacerulea,citation104
546,330,Rhodostethiarosea,citation42
547,330,Rhodostethiarosea,citation272
548,331,Rissabrevirostris,citation46
549,331,Rissabrevirostris,citation131
550,331,Rissabrevirostris,citation42
551,331,Rissabrevirostris,citation303
552,331,Rissabrevirostris,citation16
553,332,Rissatridactyla,citation56
554,332,Rissatridactyla,citation57
555,332,Rissatridactyla,citation131
556,332,Rissatridactyla,citation11
557,332,Rissatridactyla,citation272
558,332,Rissatridactyla,citation16
559,332,Rissatridactyla,citation35
560,332,Rissatridactyla,citation244
561,333,Rynchopsalbicollis,citation104
562,334,Rynchopsflavirostris,citation104
563,335,Rynchopsniger,citation225
564,335,Rynchopsniger,citation104
565,335,Rynchopsniger,citation16
566,335,Rynchopsniger,citation73
567,336,Saundersilarussaundersi,citation42
568,337,Sternaacuticauda,citation104
569,338,Sternaaurantia,citation104
570,338,Sternaaurantia,citation183
571,339,Sternadougallii,citation192
572,339,Sternadougallii,citation105
573,339,Sternadougallii,citation271
574,339,Sternadougallii,citation16
575,339,Sternadougallii,citation226
576,339,Sternadougallii,citation174
577,340,Sternaforsteri,citation104
578,341,Sternahirundinacea,citation104
579,341,Sternahirundinacea,citation279
580,342,Sternahirundo,citation9
581,342,Sternahirundo,citation106
582,342,Sternahirundo,citation242
583,342,Sternahirundo,citation193
584,342,Sternahirundo,citation16
585,342,Sternahirundo,citation74
586,343,Sternaparadisaea,citation65
587,343,Sternaparadisaea,citation158
588,343,Sternaparadisaea,citation241
589,343,Sternaparadisaea,citation242
590,343,Sternaparadisaea,citation272
591,343,Sternaparadisaea,citation16
592,344,Sternarepressa,citation104
593,345,Sternastriata,citation104
594,346,Sternasumatrana,citation158
595,346,Sternasumatrana,citation104
596,347,Sternatrudeaui,citation104
597,348,Sternavirgata,citation104
598,348,Sternavirgata,citation135
599,349,Sternavittata,citation104
600,349,Sternavittata,citation135
601,350,Sternulaalbifrons,citation104
602,350,Sternulaalbifrons,citation137
603,350,Sternulaalbifrons,citation199
604,350,Sternulaalbifrons,citation248
605,351,Sternulaantillarum,citation133
606,351,Sternulaantillarum,citation167
607,351,Sternulaantillarum,citation55
608,351,Sternulaantillarum,citation284
609,351,Sternulaantillarum,citation16
610,352,Sternulabalaenarum,citation104
611,353,Sternulalorata,citation104
612,353,Sternulalorata,citation316
613,354,Sternulanereis,citation104
614,355,Sternulasaundersi,citation104
615,356,Sternulasuperciliaris,citation104
616,357,Thalasseusbengalensis,citation104
617,358,Thalasseusbergii,citation158
618,358,Thalasseusbergii,citation104
619,359,Thalasseusbernsteini,citation104
620,359,Thalasseusbernsteini,citation223
621,360,Thalasseuselegans,citation249
622,360,Thalasseuselegans,citation45
623,361,Thalasseusmaximus,citation104
624,361,Thalasseusmaximus,citation16
625,361,Thalasseusmaximus,citation54
626,362,Thalasseussandvicensisacuflavida,citation157
627,362,Thalasseussandvicensisacuflavida,citation262
628,362,Thalasseussandvicensisacuflavida,citation16
629,363,Thalasseussandvicensiseurygnatha,citation262
630,364,Xemasabini,citation42
631,364,Xemasabini,citation272
632,365,Fregettagrallaria,citation62
633,365,Fregettagrallaria,citation298
634,365,Fregettagrallaria,citation299
635,366,Fregettamaoriana,citation53
636,367,Fregettatropica,citation62
637,367,Fregettatropica,citation298
638,367,Fregettatropica,citation299
639,368,Garrodianereis,citation62
640,368,Garrodianereis,citation298
641,368,Garrodianereis,citation299
642,369,Nesofregettafuliginosa,citation48
643,369,Nesofregettafuliginosa,citation253
644,370,Oceanitesgracilis,citation48
645,371,Oceanitesgracilisgalapagoensis,citation194
646,372,Oceanitesoceanicus,citation60
647,372,Oceanitesoceanicus,citation62
648,372,Oceanitesoceanicus,citation299
649,373,Oceanitesoceanicuschilensis,citation127
650,374,Oceanitesoceanicusexasperatus,citation18
651,375,Oceanitesoceanicusoceanicus,citation152
652,376,Oceanitespincoyae,citation127
653,377,Pelagodromamarina,citation62
654,377,Pelagodromamarina,citation298
655,377,Pelagodromamarina,citation299
656,378,Pedionomustorquatus,citation194
657,379,Pelecanusconspicillatus,citation165
658,379,Pelecanusconspicillatus,citation146
659,380,Pelecanuscrispus,citation59
660,380,Pelecanuscrispus,citation146
661,381,Pelecanuserythrorhynchos,citation87
662,381,Pelecanuserythrorhynchos,citation146
663,382,Pelecanusoccidentalis,citation250
664,382,Pelecanusoccidentalis,citation206
665,382,Pelecanusoccidentalis,citation146
666,383,Pelecanusonocrotalus,citation224
667,383,Pelecanusonocrotalus,citation132
668,383,Pelecanusonocrotalus,citation48
669,383,Pelecanusonocrotalus,citation146
670,384,Pelecanusphilippensis,citation184
671,384,Pelecanusphilippensis,citation146
672,385,Pelecanusrufescens,citation44
673,385,Pelecanusrufescens,citation72
674,385,Pelecanusrufescens,citation146
675,386,Pelecanusthagus,citation194
676,387,Phaethonaethereus,citation274
677,387,Phaethonaethereus,citation122
678,387,Phaethonaethereus,citation200
679,388,Phaethonlepturus,citation274
680,388,Phaethonlepturus,citation165
681,388,Phaethonlepturus,citation161
682,388,Phaethonlepturus,citation229
683,389,Phaethonrubricauda,citation91
684,389,Phaethonrubricauda,citation165
685,389,Phaethonrubricauda,citation252
686,389,Phaethonrubricauda,citation16
687,389,Phaethonrubricauda,citation256
688,390,Microcarboafricanus,citation200
689,390,Microcarboafricanus,citation146
690,391,Microcarbocoronatus,citation200
691,391,Microcarbocoronatus,citation146
692,392,Microcarbomelanoleucos,citation165
693,392,Microcarbomelanoleucos,citation200
694,393,Microcarboniger,citation200
695,393,Microcarboniger,citation146
696,394,Microcarbopygmaeus,citation200
697,394,Microcarbopygmaeus,citation146
698,395,Phalacrocoraxbransfieldensis,citation165
699,395,Phalacrocoraxbransfieldensis,citation200
700,396,Phalacrocoraxgeorgianus,citation165
701,396,Phalacrocoraxgeorgianus,citation200
702,397,Phalacrocoraxaristotelis,citation218
703,397,Phalacrocoraxaristotelis,citation52
704,397,Phalacrocoraxaristotelis,citation146
705,397,Phalacrocoraxaristotelis,citation35
706,398,Phalacrocoraxatriceps,citation165
707,398,Phalacrocoraxatriceps,citation146
708,399,Phalacrocoraxauritus,citation52
709,399,Phalacrocoraxauritus,citation80
710,399,Phalacrocoraxauritus,citation265
711,399,Phalacrocoraxauritus,citation85
712,399,Phalacrocoraxauritus,citation130
713,400,Phalacrocoraxbougainvilliorum,citation200
714,401,Phalacrocoraxbrasilianus,citation202
715,401,Phalacrocoraxbrasilianus,citation282
716,402,Phalacrocoraxcampbelli,citation165
717,402,Phalacrocoraxcampbelli,citation200
718,403,Phalacrocoraxcapensis,citation200
719,403,Phalacrocoraxcapensis,citation146
720,404,Phalacrocoraxcapillatus,citation146
721,405,Phalacrocoraxcarbo,citation52
722,405,Phalacrocoraxcarbo,citation165
723,405,Phalacrocoraxcarbo,citation146
724,405,Phalacrocoraxcarbo,citation93
725,406,Phalacrocoraxcarunculatus,citation165
726,406,Phalacrocoraxcarunculatus,citation200
727,407,Phalacrocoraxchalconotus,citation200
728,408,Phalacrocoraxcolensoi,citation165
729,408,Phalacrocoraxcolensoi,citation200
730,409,Phalacrocoraxfeatherstoni,citation200
731,410,Phalacrocoraxfuscescens,citation165
732,410,Phalacrocoraxfuscescens,citation200
733,411,Phalacrocoraxfuscicollis,citation200
734,412,Phalacrocoraxgaimardi,citation200
735,412,Phalacrocoraxgaimardi,citation146
736,413,Phalacrocoraxharrisi,citation121
737,413,Phalacrocoraxharrisi,citation200
738,413,Phalacrocoraxharrisi,citation146
739,414,Phalacrocoraxmagellanicus,citation200
740,415,Phalacrocoraxneglectus,citation200
741,416,Phalacrocoraxnigrogularis,citation200
742,416,Phalacrocoraxnigrogularis,citation146
743,417,Phalacrocoraxonslowi,citation165
744,417,Phalacrocoraxonslowi,citation200
745,418,Phalacrocoraxpelagicus,citation52
746,418,Phalacrocoraxpelagicus,citation136
747,418,Phalacrocoraxpelagicus,citation16
748,419,Phalacrocoraxpenicillatus,citation24
749,419,Phalacrocoraxpenicillatus,citation25
750,419,Phalacrocoraxpenicillatus,citation146
751,419,Phalacrocoraxpenicillatus,citation85
752,419,Phalacrocoraxpenicillatus,citation295
753,419,Phalacrocoraxpenicillatus,citation16
754,420,Phalacrocoraxperspicillatus,citation194
755,421,Phalacrocoraxpunctatus,citation165
756,421,Phalacrocoraxpunctatus,citation200
757,421,Phalacrocoraxpunctatus,citation146
758,422,Phalacrocoraxranfurlyi,citation165
759,422,Phalacrocoraxranfurlyi,citation200
760,423,Phalacrocoraxsulcirostris,citation165
761,423,Phalacrocoraxsulcirostris,citation200
762,424,Phalacrocoraxurile,citation52
763,424,Phalacrocoraxurile,citation200
764,424,Phalacrocoraxurile,citation146
765,425,Phalacrocoraxvarius,citation165
766,426,Phalacrocoraxverrucosus,citation165
767,427,Pluvianellussocialis,citation194
768,428,Pluvianusaegyptius,citation194
769,429,Aphrodromabrevirostris,citation62
770,429,Aphrodromabrevirostris,citation298
771,429,Aphrodromabrevirostris,citation48
772,429,Aphrodromabrevirostris,citation31
773,430,Ardennabulleri,citation165
774,430,Ardennabulleri,citation298
775,430,Ardennabulleri,citation48
776,431,Ardennacarneipes,citation165
777,431,Ardennacarneipes,citation298
778,431,Ardennacarneipes,citation48
779,431,Ardennacarneipes,citation13
780,432,Ardennacreatopus,citation165
781,432,Ardennacreatopus,citation298
782,432,Ardennacreatopus,citation48
783,433,Ardennagravis,citation165
784,433,Ardennagravis,citation298
785,433,Ardennagravis,citation48
786,434,Ardennagrisea,citation238
787,434,Ardennagrisea,citation62
788,434,Ardennagrisea,citation48
789,435,Ardennapacifica,citation92
790,435,Ardennapacifica,citation165
791,435,Ardennapacifica,citation298
792,435,Ardennapacifica,citation306
793,435,Ardennapacifica,citation16
794,435,Ardennapacifica,citation66
795,436,Ardennatenuirostris,citation258
796,436,Ardennatenuirostris,citation60
797,436,Ardennatenuirostris,citation62
798,436,Ardennatenuirostris,citation111
799,436,Ardennatenuirostris,citation66
800,437,Bulweriabifax,citation194
801,438,Bulweriabulwerii,citation6
802,438,Bulweriabulwerii,citation177
803,438,Bulweriabulwerii,citation165
804,438,Bulweriabulwerii,citation298
805,438,Bulweriabulwerii,citation168
806,439,Bulweriafallax,citation48
807,440,Calonectrisborealis,citation165
808,440,Calonectrisborealis,citation114
809,440,Calonectrisborealis,citation112
810,440,Calonectrisborealis,citation110
811,440,Calonectrisborealis,citation227
812,440,Calonectrisborealis,citation230
813,441,Calonectrisdiomedea,citation179
814,441,Calonectrisdiomedea,citation180
815,441,Calonectrisdiomedea,citation181
816,441,Calonectrisdiomedea,citation182
817,441,Calonectrisdiomedea,citation298
818,441,Calonectrisdiomedea,citation277
819,441,Calonectrisdiomedea,citation283
820,441,Calonectrisdiomedea,citation299
821,442,Calonectrisedwardsii,citation208
822,442,Calonectrisedwardsii,citation134
823,443,Calonectrisleucomelas,citation165
824,443,Calonectrisleucomelas,citation298
825,443,Calonectrisleucomelas,citation48
826,444,Daptioncapense,citation138
827,444,Daptioncapense,citation62
828,444,Daptioncapense,citation165
829,444,Daptioncapense,citation298
830,444,Daptioncapense,citation16
831,445,Fulmarusglacialis,citation83
832,445,Fulmarusglacialis,citation84
833,445,Fulmarusglacialis,citation176
834,445,Fulmarusglacialis,citation128
835,445,Fulmarusglacialis,citation35
836,445,Fulmarusglacialis,citation129
837,445,Fulmarusglacialis,citation210
838,445,Fulmarusglacialis,citation16
839,445,Fulmarusglacialis,citation36
840,446,Fulmarusglacialoides,citation176
841,446,Fulmarusglacialoides,citation60
842,446,Fulmarusglacialoides,citation62
843,446,Fulmarusglacialoides,citation165
844,446,Fulmarusglacialoides,citation298
845,447,Halobaenacaerulea,citation62
846,447,Halobaenacaerulea,citation165
847,447,Halobaenacaerulea,citation298
848,447,Halobaenacaerulea,citation299
849,448,Macronectesgiganteus,citation60
850,448,Macronectesgiganteus,citation139
851,448,Macronectesgiganteus,citation62
852,448,Macronectesgiganteus,citation190
853,448,Macronectesgiganteus,citation165
854,449,Macronecteshalli,citation62
855,449,Macronecteshalli,citation165
856,449,Macronecteshalli,citation298
857,450,Pachyptilabelcheri,citation62
858,450,Pachyptilabelcheri,citation165
859,450,Pachyptilabelcheri,citation31
860,451,Pachyptilacrassirostris,citation165
861,452,Pachyptiladesolata,citation60
862,452,Pachyptiladesolata,citation62
863,452,Pachyptiladesolata,citation165
864,453,Pachyptilasalvini,citation60
865,453,Pachyptilasalvini,citation62
866,453,Pachyptilasalvini,citation165
867,453,Pachyptilasalvini,citation298
868,453,Pachyptilasalvini,citation299
869,454,Pachyptilaturtur,citation62
870,454,Pachyptilaturtur,citation165
871,454,Pachyptilaturtur,citation298
872,454,Pachyptilaturtur,citation299
873,455,Pachyptilavittata,citation62
874,455,Pachyptilavittata,citation165
875,455,Pachyptilavittata,citation298
876,455,Pachyptilavittata,citation299
877,456,Pagodromanivea,citation33
878,456,Pagodromanivea,citation138
879,456,Pagodromanivea,citation60
880,456,Pagodromanivea,citation165
881,456,Pagodromanivea,citation48
882,457,Pelecanoidesgarnotii,citation298
883,457,Pelecanoidesgarnotii,citation48
884,458,Pelecanoidesgeorgicus,citation62
885,458,Pelecanoidesgeorgicus,citation298
886,458,Pelecanoidesgeorgicus,citation299
887,458,Pelecanoidesgeorgicus,citation48
888,458,Pelecanoidesgeorgicus,citation31
889,459,Pelecanoidesmagellani,citation48
890,460,Pelecanoidesurinatrix,citation60
891,460,Pelecanoidesurinatrix,citation165
892,460,Pelecanoidesurinatrix,citation298
893,460,Pelecanoidesurinatrix,citation299
894,461,Pelecanoidesurinatrixexsul,citation62
895,462,Procellariaaequinoctialis,citation62
896,462,Procellariaaequinoctialis,citation298
897,462,Procellariaaequinoctialis,citation299
898,463,Procellariacinerea,citation62
899,463,Procellariacinerea,citation165
900,463,Procellariacinerea,citation298
901,463,Procellariacinerea,citation299
902,464,Procellariaconspicillata,citation298
903,464,Procellariaconspicillata,citation299
904,464,Procellariaconspicillata,citation48
905,465,Procellariaparkinsoni,citation142
906,465,Procellariaparkinsoni,citation177
907,465,Procellariaparkinsoni,citation178
908,465,Procellariaparkinsoni,citation165
909,465,Procellariaparkinsoni,citation48
910,466,Procellariawestlandica,citation165
911,466,Procellariawestlandica,citation298
912,466,Procellariawestlandica,citation48
913,466,Procellariawestlandica,citation156
914,467,Pseudobulweriaaterrima,citation298
915,467,Pseudobulweriaaterrima,citation48
916,468,Pseudobulweriabecki,citation126
917,468,Pseudobulweriabecki,citation298
918,468,Pseudobulweriabecki,citation221
919,469,Pseudobulweriamacgillivrayi,citation298
920,469,Pseudobulweriamacgillivrayi,citation48
921,470,Pseudobulweriarostrata,citation165
922,470,Pseudobulweriarostrata,citation298
923,471,Pterdromaocculta,citation143
924,472,Pterodromaalba,citation165
925,472,Pterodromaalba,citation48
926,473,Pterodromaarminjoniana,citation165
927,473,Pterodromaarminjoniana,citation48
928,474,Pterodromaatrata,citation48
929,475,Pterodromaaxillaris,citation165
930,476,Pterodromabaraui,citation165
931,476,Pterodromabaraui,citation28
932,477,Pterodromabrevipes,citation48
933,478,Pterodromacahow,citation298
934,478,Pterodromacahow,citation48
935,479,Pterodromacaribbaea,citation48
936,480,Pterodromacervicalis,citation165
937,480,Pterodromacervicalis,citation112
938,481,Pterodromacookii,citation165
939,481,Pterodromacookii,citation232
940,482,Pterodromadefilippiana,citation48
941,483,Pterodromadeserta,citation194
942,484,Pterodromaexterna,citation165
943,484,Pterodromaexterna,citation48
944,485,Pterodromafeae,citation298
945,485,Pterodromafeae,citation48
946,486,Pterodromagouldi,citation194
947,487,Pterodromahasitata,citation298
948,487,Pterodromahasitata,citation48
949,488,Pterodromaheraldica,citation165
950,488,Pterodromaheraldica,citation48
951,489,Pterodromahypoleuca,citation108
952,489,Pterodromahypoleuca,citation298
953,489,Pterodromahypoleuca,citation259
954,489,Pterodromahypoleuca,citation16
955,490,Pterodromaincerta,citation298
956,490,Pterodromaincerta,citation48
957,490,Pterodromaincerta,citation112
958,491,Pterodromainexpectata,citation62
959,491,Pterodromainexpectata,citation298
960,491,Pterodromainexpectata,citation299
961,491,Pterodromainexpectata,citation48
962,492,Pterodromalessonii,citation62
963,492,Pterodromalessonii,citation298
964,492,Pterodromalessonii,citation31
965,493,Pterodromaleucoptera,citation165
966,494,Pterodromalongirostris,citation165
967,494,Pterodromalongirostris,citation48
968,495,Pterodromamacroptera,citation297
969,495,Pterodromamacroptera,citation62
970,495,Pterodromamacroptera,citation298
971,496,Pterodromamadeira,citation298
972,496,Pterodromamadeira,citation48
973,496,Pterodromamadeira,citation23
974,497,Pterodromamagentae,citation165
975,497,Pterodromamagentae,citation298
976,497,Pterodromamagentae,citation48
977,497,Pterodromamagentae,citation147
978,498,Pterodromamollis,citation62
979,498,Pterodromamollis,citation165
980,498,Pterodromamollis,citation298
981,499,Pterodromaneglecta,citation165
982,499,Pterodromaneglecta,citation298
983,500,Pterodromanigripennis,citation165
984,501,Pterodromaphaeopygia,citation298
985,501,Pterodromaphaeopygia,citation299
986,501,Pterodromaphaeopygia,citation48
987,501,Pterodromaphaeopygia,citation268
988,502,Pterodromapycrofti,citation165
989,502,Pterodromapycrofti,citation48
990,503,Pterodromarupinarum,citation194
991,504,Pterodromasandwichensis,citation266
992,504,Pterodromasandwichensis,citation267
993,504,Pterodromasandwichensis,citation268
994,505,Pterodromasolandri,citation165
995,505,Pterodromasolandri,citation298
996,505,Pterodromasolandri,citation48
997,506,Pterodromaultima,citation298
998,506,Pterodromaultima,citation48
999,506,Pterodromaultima,citation112
1000,507,Puffinusassimilis,citation165
1001,507,Puffinusassimilis,citation48
1002,508,Puffinusauricularis,citation145
1003,508,Puffinusauricularis,citation4
1004,509,Puffinusbailloni,citation194
1005,510,Puffinusbannermani,citation194
1006,511,Puffinusbryani,citation222
1007,512,Puffinuselegans,citation194
1008,513,Puffinusgavia,citation165
1009,513,Puffinusgavia,citation48
1010,513,Puffinusgavia,citation154
1011,514,Puffinusheinrothi,citation298
1012,514,Puffinusheinrothi,citation48
1013,515,Puffinushuttoni,citation165
1014,515,Puffinushuttoni,citation66
1015,516,Puffinuslherminieri,citation122
1016,516,Puffinuslherminieri,citation165
1017,516,Puffinuslherminieri,citation48
1018,517,Puffinusmauretanicus,citation48
1019,518,Puffinusnativitatis,citation165
1020,518,Puffinusnativitatis,citation298
1021,518,Puffinusnativitatis,citation48
1022,518,Puffinusnativitatis,citation260
1023,519,Puffinusnewelli,citation155
1024,519,Puffinusnewelli,citation4
1025,520,Puffinusopisthomelas,citation298
1026,520,Puffinusopisthomelas,citation48
1027,520,Puffinusopisthomelas,citation154
1028,521,Puffinuspersicus,citation194
1029,522,Puffinuspuffinus,citation118
1030,522,Puffinuspuffinus,citation119
1031,522,Puffinuspuffinus,citation32
1032,522,Puffinuspuffinus,citation62
1033,522,Puffinuspuffinus,citation160
1034,522,Puffinuspuffinus,citation112
1035,522,Puffinuspuffinus,citation16
1036,522,Puffinuspuffinus,citation36
1037,522,Puffinuspuffinus,citation66
1038,522,Puffinuspuffinus,citation35
1039,523,Puffinussubalaris,citation194
1040,524,Puffinusyelkouan,citation48
1041,524,Puffinusyelkouan,citation298
1042,525,Thalassoicaantarctica,citation62
1043,525,Thalassoicaantarctica,citation165
1044,525,Thalassoicaantarctica,citation298
1045,526,Cladorhynchusleucocephalus,citation194
1046,527,Himantopushimantopus,citation194
1047,528,Himantopusnovaezelandiae,citation194
1048,529,Recurvirostraamericana,citation194
1049,530,Recurvirostraandina,citation194
1050,531,Recurvirostraavosetta,citation194
1051,532,Recurvirostranovaehollandiae,citation194
1052,533,Nycticryphessemicollaris,citation194
1053,534,Rostratulaaustralis,citation194
1054,535,Rostratulabenghalensis,citation194
1055,536,Actitishypoleucos,citation194
1056,537,Actitismacularius,citation194
1057,538,Arenariainterpres,citation194
1058,539,Arenariamelanocephala,citation194
1059,540,Bartramialongicauda,citation194
1060,541,Calidrisacuminata,citation194
1061,542,Calidrisalba,citation194
1062,543,Calidrisalpina,citation194
1063,544,Calidrisbairdii,citation194
1064,545,Calidriscanutus,citation194
1065,546,Calidrisfalcinellus,citation194
1066,547,Calidrisferruginea,citation194
1067,548,Calidrisfuscicollis,citation194
1068,549,Calidrishimantopus,citation194
1069,550,Calidrismaritima,citation194
1070,551,Calidrismauri,citation194
1071,552,Calidrismelanotos,citation194
1072,553,Calidrisminuta,citation194
1073,554,Calidrisminutilla,citation194
1074,555,Calidrisptilocnemis,citation194
1075,556,Calidrispugnax,citation194
1076,557,Calidrispusilla,citation194
1077,558,Calidrispygmaea,citation194
1078,559,Calidrisruficollis,citation194
1079,560,Calidrissubminuta,citation194
1080,561,Calidrissubruficollis,citation194
1081,562,Calidristemminckii,citation194
1082,563,Calidristenuirostris,citation194
1083,564,Calidrisvirgata,citation194
1084,565,Coenocoryphaaucklandica,citation194
1085,566,Coenocoryphabarrierensis,citation194
1086,567,Coenocoryphahuegeli,citation194
1087,568,Coenocoryphairedalei,citation194
1088,569,Coenocoryphapusilla,citation194
1089,570,Gallinagoandina,citation194
1090,571,Gallinagodelicata,citation194
1091,572,Gallinagogallinago,citation194
1092,573,Gallinagohardwickii,citation194
1093,574,Gallinagoimperialis,citation194
1094,575,Gallinagojamesoni,citation194
1095,576,Gallinagomacrodactyla,citation194
1096,577,Gallinagomedia,citation194
1097,578,Gallinagomegala,citation194
1098,579,Gallinagonemoricola,citation194
1099,580,Gallinagonigripennis,citation194
1100,581,Gallinagonobilis,citation194
1101,582,Gallinagoparaguaiae,citation194
1102,583,Gallinagosolitaria,citation194
1103,584,Gallinagostenura,citation194
1104,585,Gallinagostricklandii,citation194
1105,586,Gallinagoundulata,citation194
1106,587,Limnodromusgriseus,citation194
1107,588,Limnodromusscolopaceus,citation194
1108,589,Limnodromussemipalmatus,citation194
1109,590,Limosafedoa,citation194
1110,591,Limosahaemastica,citation194
1111,592,Limosalapponica,citation194
1112,593,Limosalimosa,citation194
1113,594,Lymnocryptesminimus,citation194
1114,595,Numeniusamericanus,citation194
1115,596,Numeniusarquata,citation194
1116,597,Numeniusborealis,citation194
1117,598,Numeniusmadagascariensis,citation194
1118,599,Numeniusminutus,citation194
1119,600,Numeniusphaeopus,citation194
1120,601,Numeniustahitiensis,citation194
1121,602,Numeniustenuirostris,citation194
1122,603,Phalaropusfulicarius,citation194
1123,604,Phalaropuslobatus,citation194
1124,605,Prosoboniacancellata,citation194
1125,606,Prosoboniaellisi,citation194
1126,607,Prosobonialeucoptera,citation194
1127,608,Prosoboniaparvirostris,citation194
1128,609,Scolopaxbukidnonensis,citation194
1129,610,Scolopaxcelebensis,citation194
1130,611,Scolopaxminor,citation194
1131,612,Scolopaxmira,citation194
1132,613,Scolopaxrochussenii,citation194
1133,614,Scolopaxrosenbergii,citation194
1134,615,Scolopaxrusticola,citation194
1135,616,Scolopaxsaturata,citation194
1136,617,Steganopustricolor,citation194
1137,618,Tringabrevipes,citation194
1138,619,Tringaerythropus,citation194
1139,620,Tringaflavipes,citation194
1140,621,Tringaglareola,citation194
1141,622,Tringaguttifer,citation194
1142,623,Tringaincana,citation194
1143,624,Tringamelanoleuca,citation194
1144,625,Tringanebularia,citation194
1145,626,Tringaochropus,citation194
1146,627,Tringasemipalmata,citation194
1147,628,Tringasolitaria,citation194
1148,629,Tringastagnatilis,citation194
1149,630,Tringatotanus,citation194
1150,631,Xenuscinereus,citation194
1151,632,Scopusumbretta,citation194
1152,633,Aptenodytesforsteri,citation62
1153,633,Aptenodytesforsteri,citation144
1154,633,Aptenodytesforsteri,citation151
1155,633,Aptenodytesforsteri,citation61
1156,633,Aptenodytesforsteri,citation165
1157,633,Aptenodytesforsteri,citation224
1158,633,Aptenodytesforsteri,citation132
1159,633,Aptenodytesforsteri,citation48
1160,633,Aptenodytesforsteri,citation146
1161,634,Aptenodytespatagonicus,citation275
1162,634,Aptenodytespatagonicus,citation61
1163,634,Aptenodytespatagonicus,citation15
1164,634,Aptenodytespatagonicus,citation190
1165,634,Aptenodytespatagonicus,citation165
1166,634,Aptenodytespatagonicus,citation166
1167,634,Aptenodytespatagonicus,citation302
1168,634,Aptenodytespatagonicus,citation250
1169,634,Aptenodytespatagonicus,citation206
1170,634,Aptenodytespatagonicus,citation146
1171,635,Eudypteschrysocome,citation275
1172,635,Eudypteschrysocome,citation62
1173,635,Eudypteschrysocome,citation165
1174,635,Eudypteschrysocome,citation309
1175,635,Eudypteschrysocome,citation184
1176,635,Eudypteschrysocome,citation146
1177,636,Eudypteschrysolophus,citation63
1178,636,Eudypteschrysolophus,citation62
1179,636,Eudypteschrysolophus,citation166
1180,636,Eudypteschrysolophus,citation309
1181,636,Eudypteschrysolophus,citation109
1182,636,Eudypteschrysolophus,citation44
1183,636,Eudypteschrysolophus,citation72
1184,636,Eudypteschrysolophus,citation146
1185,637,Eudyptesmoseleyi,citation194
1186,638,Eudyptespachyrhynchus,citation62
1187,638,Eudyptespachyrhynchus,citation165
1188,638,Eudyptespachyrhynchus,citation166
1189,638,Eudyptespachyrhynchus,citation309
1190,639,Eudyptesrobustus,citation62
1191,639,Eudyptesrobustus,citation165
1192,639,Eudyptesrobustus,citation309
1193,639,Eudyptesrobustus,citation274
1194,639,Eudyptesrobustus,citation122
1195,639,Eudyptesrobustus,citation200
1196,640,Eudyptesschlegeli,citation165
1197,640,Eudyptesschlegeli,citation309
1198,641,Eudyptessclateri,citation275
1199,641,Eudyptessclateri,citation165
1200,641,Eudyptessclateri,citation274
1201,641,Eudyptessclateri,citation165
1202,641,Eudyptessclateri,citation161
1203,641,Eudyptessclateri,citation229
1204,642,Eudyptulaminor,citation235
1205,642,Eudyptulaminor,citation275
1206,642,Eudyptulaminor,citation62
1207,642,Eudyptulaminor,citation309
1208,642,Eudyptulaminor,citation264
1209,643,Megadyptesantipodes,citation237
1210,643,Megadyptesantipodes,citation62
1211,643,Megadyptesantipodes,citation165
1212,643,Megadyptesantipodes,citation309
1213,644,Pygoscelisadeliae,citation281
1214,644,Pygoscelisadeliae,citation233
1215,644,Pygoscelisadeliae,citation62
1216,644,Pygoscelisadeliae,citation190
1217,644,Pygoscelisadeliae,citation165
1218,644,Pygoscelisadeliae,citation309
1219,644,Pygoscelisadeliae,citation87
1220,644,Pygoscelisadeliae,citation146
1221,645,Pygoscelisantarcticus,citation63
1222,645,Pygoscelisantarcticus,citation62
1223,645,Pygoscelisantarcticus,citation165
1224,645,Pygoscelisantarcticus,citation233
1225,646,Pygoscelispapua,citation63
1226,646,Pygoscelispapua,citation293
1227,646,Pygoscelispapua,citation165
1228,646,Pygoscelispapua,citation64
1229,646,Pygoscelispapua,citation309
1230,647,Spheniscusdemersus,citation77
1231,647,Spheniscusdemersus,citation166
1232,647,Spheniscusdemersus,citation246
1233,647,Spheniscusdemersus,citation309
1234,647,Spheniscusdemersus,citation286
1235,648,Spheniscushumboldti,citation166
1236,649,Spheniscusmagellanicus,citation165
1237,649,Spheniscusmagellanicus,citation166
1238,649,Spheniscusmagellanicus,citation309
1239,650,Spheniscusmendiculus,citation26
1240,650,Spheniscusmendiculus,citation166
1241,650,Spheniscusmendiculus,citation309
1242,651,Catharactaantarctica,citation42
1243,651,Catharactaantarctica,citation197
1244,652,Catharactachilensis,citation42
1245,652,Catharactachilensis,citation197
1246,653,Catharactamaccormicki,citation312
1247,653,Catharactamaccormicki,citation3
1248,653,Catharactamaccormicki,citation42
1249,653,Catharactamaccormicki,citation197
1250,654,Catharactaskua,citation94
1251,654,Catharactaskua,citation197
1252,654,Catharactaskua,citation231
1253,654,Catharactaskua,citation35
1254,655,Stercorariuslongicaudus,citation197
1255,655,Stercorariuslongicaudus,citation16
1256,656,Stercorariusparasiticus,citation196
1257,656,Stercorariusparasiticus,citation94
1258,656,Stercorariusparasiticus,citation95
1259,656,Stercorariusparasiticus,citation197
1260,656,Stercorariusparasiticus,citation307
1261,656,Stercorariusparasiticus,citation35
1262,656,Stercorariusparasiticus,citation209
1263,657,Stercorariuspomarinus,citation94
1264,657,Stercorariuspomarinus,citation197
1265,657,Stercorariuspomarinus,citation308
1266,658,Morusbassanus,citation186
1267,658,Morusbassanus,citation122
1268,658,Morusbassanus,citation173
1269,658,Morusbassanus,citation35
1270,659,Moruscapensis,citation186
1271,659,Moruscapensis,citation165
1272,660,Morusserrator,citation186
1273,660,Morusserrator,citation113
1274,661,Papasulaabbotti,citation186
1275,661,Papasulaabbotti,citation165
1276,662,Suladactylatra,citation75
1277,662,Suladactylatra,citation313
1278,662,Suladactylatra,citation186
1279,662,Suladactylatra,citation39
1280,662,Suladactylatra,citation165
1281,662,Suladactylatra,citation7
1282,663,Sulagranti,citation186
1283,663,Sulagranti,citation122
1284,664,Sulaleucogaster,citation75
1285,664,Sulaleucogaster,citation186
1286,664,Sulaleucogaster,citation165
1287,664,Sulaleucogaster,citation253
1288,664,Sulaleucogaster,citation16
1289,664,Sulaleucogaster,citation17
1290,664,Sulaleucogaster,citation75
1291,664,Sulaleucogaster,citation201
1292,665,Sulanebouxii,citation186
1293,666,Sulasula,citation186
1294,666,Sulasula,citation165
1295,666,Sulasula,citation255
1296,667,Sulavariegata,citation186
1297,668,Attagisgayi,citation194
1298,669,Attagismalouinus,citation194
1299,670,Thinocorusorbignyianus,citation194
1300,671,Thinocorusrumicivorus,citation194
1301,672,Bostrychiabocagei,citation194
1302,673,Bostrychiacarunculata,citation194
1303,674,Bostrychiahagedash,citation194
1304,675,Bostrychiaolivacea,citation194
1305,676,Bostrychiarara,citation194
1306,677,Cercibisoxycerca,citation194
1307,678,Eudocimusalbus,citation194
1308,679,Eudocimusruber,citation194
1309,680,Geronticuscalvus,citation194
1310,681,Geronticuseremita,citation194
1311,682,Lophotibiscristata,citation194
1312,683,Mesembrinibiscayennensis,citation194
1313,684,Nipponianippon,citation194
1314,685,Phimosusinfuscatus,citation194
1315,686,Plataleaajaja,citation194
1316,687,Plataleaalba,citation194
1317,688,Plataleaflavipes,citation194
1318,689,Platalealeucorodia,citation194
1319,690,Plataleaminor,citation194
1320,691,Platalearegia,citation194
1321,692,Plegadischihi,citation194
1322,693,Plegadisfalcinellus,citation194
1323,694,Plegadisridgwayi,citation194
1324,695,Pseudibisdavisoni,citation194
1325,696,Pseudibispapillosa,citation194
1326,697,Thaumatibisgigantea,citation194
1327,698,Theristicusbranickii,citation194
1328,699,Theristicuscaerulescens,citation194
1329,700,Theristicuscaudatus,citation194
1330,701,Theristicusmelanopis,citation194
1331,702,Threskiornisaethiopicus,citation194
1332,703,Threskiornisbernieri,citation194
1333,704,Threskiornismelanocephalus,citation194
1334,705,Threskiornismoluccus,citation194
1335,706,Threskiornissolitarius,citation194
1336,707,Threskiornisspinicollis,citation194
1337,708,Ortyxelosmeiffrenii,citation194
1338,709,Turnixcastanotus,citation194
1339,710,Turnixeveretti,citation194
1340,711,Turnixhottentottus,citation194
1341,712,Turnixmaculosus,citation194
1342,713,Turnixmelanogaster,citation194
1343,714,Turnixnanus,citation194
1344,715,Turnixnigricollis,citation194
1345,716,Turnixnovaecaledoniae,citation194
1346,717,Turnixocellatus,citation194
1347,718,Turnixolivii,citation194
1348,719,Turnixpyrrhothorax,citation194
1349,720,Turnixsuscitator,citation194
1350,721,Turnixsylvaticus,citation194
1351,722,Turnixtanki,citation194
1352,723,Turnixvarius,citation194
1353,724,Turnixvelox,citation194
1354,725,Turnixworcesteri,citation194
