feature_id,species_id,cite_id,citation_name,,,,,,,,,,,,,,,,,,
1,Aethiacristatella,,Ydenberg 1989,,,,,,,,,,,,,,,,,,
1,Aethiacristatella,,Piatt et al 1990,,,,,,,,,,,,,,,,,,
1,Aethiacristatella,,Jones 1993b,,,,,,,,,,,,,,,,,,
1,Aethiacristatella,,Gaston and Jones 1998,,,,,,,,,,,,,,,,,,
2,Aethiapsittacula,,Croxall and Gaston 1988,,,,,,,,,,,,,,,,,,
2,Aethiapsittacula,,Ydenberg 1989,,,,,,,,,,,,,,,,,,
2,Aethiapsittacula,,Nettleship 1996,,,,,,,,,,,,,,,,,,
3,Aethiapusilla,,Roby and Brink 1986,,,,,,,,,,,,,,,,,,
3,Aethiapusilla,,Croxall and Gaston 1988,,,,,,,,,,,,,,,,,,
3,Aethiapusilla,,Ydenberg 1989,,,,,,,,,,,,,,,,,,
3,Aethiapusilla,,Jones and Montgomerie 1991,,,,,,,,,,,,,,,,,,
3,Aethiapusilla,,Jones 1993a,,,,,,,,,,,,,,,,,,
4,Aethiapygmaea,,Byrd and Williams 1993b,,,,,,,,,,,,,,,,,,
4,Aethiapygmaea,,Nettleship 1996,,,,,,,,,,,,,,,,,,
4,Aethiapygmaea,,Hunter et al 2002,,,,,,,,,,,,,,,,,,
5,Alcatorda,,Croxall and Gaston 1988,,,,,,,,,,,,,,,,,,
5,Alcatorda,,Harris and Wanless 1989,,,,,,,,,,,,,,,,,,
5,Alcatorda,,Ydenberg 1989,,,,,,,,,,,,,,,,,,
5,Alcatorda,,Gaston and Jones 1998,,,,,,,,,,,,,,,,,,
5,Alcatorda,,Lavers et al 2008,,,,,,,,,,,,,,,,,,
5,Alcatorda,,Bryant and Furness 1995,,,,,,,,,,,,,,,,,,
6,Allealle,,Croxall and Gaston 1988,,,,,,,,,,,,,,,,,,
6,Allealle,,Gaston and Jones 1998,,,,,,,,,,,,,,,,,,
6,Allealle,,Ydenberg 1989,,,,,,,,,,,,,,,,,,
7,Brachyramphusbrevirostris,,Ydenberg 1989,,,,,,,,,,,,,,,,,,
7,Brachyramphusbrevirostris,,Nettleship 1996,,,,,,,,,,,,,,,,,,
7,Brachyramphusbrevirostris,,Day et al 1999,,,,,,,,,,,,,,,,,,
8,Brachyramphusmarmoratus,,Croxall and Gaston 1988,,,,,,,,,,,,,,,,,,
8,Brachyramphusmarmoratus,,Ydenberg 1989,,,,,,,,,,,,,,,,,,
8,Brachyramphusmarmoratus,,Nelson and Hamer 1995,,,,,,,,,,,,,,,,,,
8,Brachyramphusmarmoratus,,Nelson 1997,,,,,,,,,,,,,,,,,,
8,Brachyramphusmarmoratus,,Parker et al 2004,,,,,,,,,,,,,,,,,,
8,Brachyramphusmarmoratus,,Beissinger 1995,,,,,,,,,,,,,,,,,,
9,Brachyramphusperdix,,Nettleship 1996,,,,,,,,,,,,,,,,,,
10,Cepphuscarbo,,Harrison 1983,,,,,,,,,,,,,,,,,,
10,Cepphuscarbo,,Nettleship 1996,,,,,,,,,,,,,,,,,,
11,Cepphuscolumba,,Croxall and Gaston 1988,,,,,,,,,,,,,,,,,,
11,Cepphuscolumba,,Ydenberg 1989,,,,,,,,,,,,,,,,,,
11,Cepphuscolumba,,Ewins 1993,,,,,,,,,,,,,,,,,,
11,Cepphuscolumba,,Vermeer et al 1993,,,,,,,,,,,,,,,,,,
11,Cepphuscolumba,,BBL,,,,,,,,,,,,,,,,,,
12,Cepphusgrylle,,Petersen 1981,,,,,,,,,,,,,,,,,,
12,Cepphusgrylle,,Croxall and Gaston 1988,,,,,,,,,,,,,,,,,,
12,Cepphusgrylle,,Ydenberg 1989,,,,,,,,,,,,,,,,,,
12,Cepphusgrylle,,BBL,,,,,,,,,,,,,,,,,,
13,Cerorhincamonocerata,,Watanuki 1987,,,,,,,,,,,,,,,,,,
13,Cerorhincamonocerata,,Ydenberg 1989,,,,,,,,,,,,,,,,,,
13,Cerorhincamonocerata,,Gaston and Jones 1998,,,,,,,,,,,,,,,,,,
13,Cerorhincamonocerata,,Gaston and Dechesne 1996,,,,,,,,,,,,,,,,,,
13,Cerorhincamonocerata,,BBL,,,,,,,,,,,,,,,,,,
14,Fraterculaarctica,,Ashcroft 1979,,,,,,,,,,,,,,,,,,
14,Fraterculaarctica,,Croxall and Gaston 1988,,,,,,,,,,,,,,,,,,
14,Fraterculaarctica,,Ydenberg 1989,,,,,,,,,,,,,,,,,,
14,Fraterculaarctica,,Bryant and Furness 1995,,,,,,,,,,,,,,,,,,
14,Fraterculaarctica,,BBL,,,,,,,,,,,,,,,,,,
14,Fraterculaarctica,,Breton and Diamond 2014,,,,,,,,,,,,,,,,,,
15,Fraterculacirrhata,,Harrison 1983,,,,,,,,,,,,,,,,,,
15,Fraterculacirrhata,,Croxall and Gaston 1988,,,,,,,,,,,,,,,,,,
15,Fraterculacirrhata,,Ydenberg 1989,,,,,,,,,,,,,,,,,,
15,Fraterculacirrhata,,Nettleship 1996,,,,,,,,,,,,,,,,,,
16,Fraterculacorniculata,,Croxall and Gaston 1988,,,,,,,,,,,,,,,,,,
16,Fraterculacorniculata,,Ydenberg 1989,,,,,,,,,,,,,,,,,,
16,Fraterculacorniculata,,Nettleship 1996,,,,,,,,,,,,,,,,,,
17,Pinguinusimpennis,,Montevecchi and Kirk 1996,,,,,,,,,,,,,,,,,,
18,Ptychoramphusaleuticus,,Croxall and Gaston 1988,,,,,,,,,,,,,,,,,,
18,Ptychoramphusaleuticus,,Ydenberg 1989,,,,,,,,,,,,,,,,,,
18,Ptychoramphusaleuticus,,Manuwal and Thoresen 1993,,,,,,,,,,,,,,,,,,
18,Ptychoramphusaleuticus,,Manuwal 1974,,,,,,,,,,,,,,,,,,
18,Ptychoramphusaleuticus,,Sydeman et al 1996,,,,,,,,,,,,,,,,,,
18,Ptychoramphusaleuticus,,Bertram D. et al pers. comm.,,,,,,,,,,,,,,,,,,
18,Ptychoramphusaleuticus,,PSG Bull 29:2 2002,,,,,,,,,,,,,,,,,,
18,Ptychoramphusaleuticus,,BBL,,,,,,,,,,,,,,,,,,
19,Synthliboramphusantiquus,,Gaston et al 1988,,,,,,,,,,,,,,,,,,
19,Synthliboramphusantiquus,,Ydenberg 1989,,,,,,,,,,,,,,,,,,
19,Synthliboramphusantiquus,,Gaston 1994,,,,,,,,,,,,,,,,,,
20,Synthliboramphuscraveri,,Croxall and Gaston 1988,,,,,,,,,,,,,,,,,,
20,Synthliboramphuscraveri,,Ydenberg 1989,,,,,,,,,,,,,,,,,,
20,Synthliboramphuscraveri,,DeWeese and Anderson 1976,,,,,,,,,,,,,,,,,,
20,Synthliboramphuscraveri,,Nettleship 1996,,,,,,,,,,,,,,,,,,
21,Synthliboramphushypoleucus,,Harrison 1983,,,,,,,,,,,,,,,,,,
21,Synthliboramphushypoleucus,,Ydenberg 1989,,,,,,,,,,,,,,,,,,
21,Synthliboramphushypoleucus,,Drost and Lewis 1995,,,,,,,,,,,,,,,,,,
22,Synthliboramphusscrippsi,,None,,,,,,,,,,,,,,,,,,
23,Synthliboramphuswumizusume,,Harrison 1983,,,,,,,,,,,,,,,,,,
23,Synthliboramphuswumizusume,,Nettleship 1996,,,,,,,,,,,,,,,,,,
24,Uriaaalge,,Southern et al 1965,,,,,,,,,,,,,,,,,,
24,Uriaaalge,,Ydenberg 1989,,,,,,,,,,,,,,,,,,
24,Uriaaalge,,Harris and Wanless 1995,,,,,,,,,,,,,,,,,,
24,Uriaaalge,,Harris and Wanless 1996,,,,,,,,,,,,,,,,,,
24,Uriaaalge,,BBL,,,,,,,,,,,,,,,,,,
24,Uriaaalge,,Bryant and Furness 1995,,,,,,,,,,,,,,,,,,
24,Uriaaalge,,Reynolds et al 2011,,,,,,,,,,,,,,,,,,
24,Uriaaalge,,Burger and Piatt 1990,,,,,,,,,,,,,,,,,,
24,Uriaaalge,,Lewis et al 2006,,,,,,,,,,,,,,,,,,
25,Urialomvia,,Gaston and Nettleship 1981,,,,,,,,,,,,,,,,,,
25,Urialomvia,,Ydenberg 1989,,,,,,,,,,,,,,,,,,
25,Urialomvia,,Gaston et al 1994,,,,,,,,,,,,,,,,,,
25,Urialomvia,,Gaston and Hipfner 2000,,,,,,,,,,,,,,,,,,
25,Urialomvia,,BBL,,,,,,,,,,,,,,,,,,
26,Anhingaanhinga,,None,,,,,,,,,,,,,,,,,,
27,Anhingamelanogaster,,None,,,,,,,,,,,,,,,,,,
28,Anhinganovaehollandiae,,None,,,,,,,,,,,,,,,,,,
29,Anhingarufa,,None,,,,,,,,,,,,,,,,,,
30,Agamiaagami,,None,,,,,,,,,,,,,,,,,,
31,Ardeaalba,,None,,,,,,,,,,,,,,,,,,
32,Ardeabrachyrhyncha,,None,,,,,,,,,,,,,,,,,,
33,Ardeacinerea,,None,,,,,,,,,,,,,,,,,,
34,Ardeacocoi,,None,,,,,,,,,,,,,,,,,,
35,Ardeagoliath,,None,,,,,,,,,,,,,,,,,,
36,Ardeaherodias,,None,,,,,,,,,,,,,,,,,,
37,Ardeahumbloti,,None,,,,,,,,,,,,,,,,,,
38,Ardeainsignis,,None,,,,,,,,,,,,,,,,,,
39,Ardeaintermedia,,None,,,,,,,,,,,,,,,,,,
40,Ardeamelanocephala,,None,,,,,,,,,,,,,,,,,,
41,Ardeapacifica,,None,,,,,,,,,,,,,,,,,,
42,Ardeaplumifera,,None,,,,,,,,,,,,,,,,,,
43,Ardeapurpurea,,None,,,,,,,,,,,,,,,,,,
44,Ardeasumatrana,,None,,,,,,,,,,,,,,,,,,
45,Ardeolabacchus,,None,,,,,,,,,,,,,,,,,,
46,Ardeolagrayii,,None,,,,,,,,,,,,,,,,,,
47,Ardeolaidae,,None,,,,,,,,,,,,,,,,,,
48,Ardeolaralloides,,None,,,,,,,,,,,,,,,,,,
49,Ardeolarufiventris,,None,,,,,,,,,,,,,,,,,,
50,Ardeolaspeciosa,,None,,,,,,,,,,,,,,,,,,
51,Botauruslentiginosus,,None,,,,,,,,,,,,,,,,,,
52,Botauruspinnatus,,None,,,,,,,,,,,,,,,,,,
53,Botauruspoiciloptilus,,None,,,,,,,,,,,,,,,,,,
54,Botaurusstellaris,,None,,,,,,,,,,,,,,,,,,
55,Bubulcusibis,,None,,,,,,,,,,,,,,,,,,
56,Butoridesstriata,,None,,,,,,,,,,,,,,,,,,
57,Calherodiusleuconotus,,None,,,,,,,,,,,,,,,,,,
58,Cochleariuscochlearius,,None,,,,,,,,,,,,,,,,,,
59,Egrettaardesiaca,,None,,,,,,,,,,,,,,,,,,
60,Egrettacaerulea,,None,,,,,,,,,,,,,,,,,,
61,Egrettaeulophotes,,None,,,,,,,,,,,,,,,,,,
62,Egrettagarzetta,,None,,,,,,,,,,,,,,,,,,
63,Egrettagularis,,None,,,,,,,,,,,,,,,,,,
64,Egrettanovaehollandiae,,None,,,,,,,,,,,,,,,,,,
65,Egrettapicata,,None,,,,,,,,,,,,,,,,,,
66,Egrettarufescens,,None,,,,,,,,,,,,,,,,,,
67,Egrettasacra,,None,,,,,,,,,,,,,,,,,,
68,Egrettathula,,None,,,,,,,,,,,,,,,,,,
69,Egrettatricolor,,None,,,,,,,,,,,,,,,,,,
70,Egrettavinaceigula,,None,,,,,,,,,,,,,,,,,,
71,Gorsachiusgoisagi,,None,,,,,,,,,,,,,,,,,,
72,Gorsachiusmagnificus,,None,,,,,,,,,,,,,,,,,,
73,Gorsachiusmelanolophus,,None,,,,,,,,,,,,,,,,,,
74,Ixobrychuscinnamomeus,,None,,,,,,,,,,,,,,,,,,
75,Ixobrychusdubius,,None,,,,,,,,,,,,,,,,,,
76,Ixobrychuseurhythmus,,None,,,,,,,,,,,,,,,,,,
77,Ixobrychusexilis,,None,,,,,,,,,,,,,,,,,,
78,Ixobrychusflavicollis,,None,,,,,,,,,,,,,,,,,,
79,Ixobrychusinvolucris,,None,,,,,,,,,,,,,,,,,,
80,Ixobrychusminutus,,None,,,,,,,,,,,,,,,,,,
81,Ixobrychusnovaezelandiae,,None,,,,,,,,,,,,,,,,,,
82,Ixobrychussinensis,,None,,,,,,,,,,,,,,,,,,
83,Ixobrychussturmii,,None,,,,,,,,,,,,,,,,,,
84,Nyctanassacarcinocatactes,,None,,,,,,,,,,,,,,,,,,
85,Nyctanassaviolacea,,None,,,,,,,,,,,,,,,,,,
86,Nycticoraxcaledonicus,,None,,,,,,,,,,,,,,,,,,
87,Nycticoraxduboisi,,None,,,,,,,,,,,,,,,,,,
88,Nycticoraxmauritianus,,None,,,,,,,,,,,,,,,,,,
89,Nycticoraxmegacephalus,,None,,,,,,,,,,,,,,,,,,
90,Nycticoraxnycticorax,,None,,,,,,,,,,,,,,,,,,
91,Pilherodiuspileatus,,None,,,,,,,,,,,,,,,,,,
92,Syrigmasibilatrix,,None,,,,,,,,,,,,,,,,,,
93,Tigriornisleucolopha,,None,,,,,,,,,,,,,,,,,,
94,Tigrisomafasciatum,,None,,,,,,,,,,,,,,,,,,
95,Tigrisomalineatum,,None,,,,,,,,,,,,,,,,,,
96,Tigrisomamexicanum,,None,,,,,,,,,,,,,,,,,,
97,Zebrilusundulatus,,None,,,,,,,,,,,,,,,,,,
98,Zonerodiusheliosylus,,None,,,,,,,,,,,,,,,,,,
99,Balaenicepsrex,,None,,,,,,,,,,,,,,,,,,
100,Burhinusbistriatus,,None,,,,,,,,,,,,,,,,,,
101,Burhinuscapensis,,None,,,,,,,,,,,,,,,,,,
102,Burhinusgrallarius,,None,,,,,,,,,,,,,,,,,,
103,Burhinusindicus,,None,,,,,,,,,,,,,,,,,,
104,Burhinusoedicnemus,,None,,,,,,,,,,,,,,,,,,
105,Burhinussenegalensis,,None,,,,,,,,,,,,,,,,,,
106,Burhinussuperciliaris,,None,,,,,,,,,,,,,,,,,,
107,Burhinusvermiculatus,,None,,,,,,,,,,,,,,,,,,
108,Esacusmagnirostris,,None,,,,,,,,,,,,,,,,,,
109,Esacusrecurvirostris,,None,,,,,,,,,,,,,,,,,,
110,Anarhynchusfrontalis,,None,,,,,,,,,,,,,,,,,,
111,Charadriusalexandrinus,,None,,,,,,,,,,,,,,,,,,
112,Charadriusalticola,,None,,,,,,,,,,,,,,,,,,
113,Charadriusaquilonius,,None,,,,,,,,,,,,,,,,,,
114,Charadriusasiaticus,,None,,,,,,,,,,,,,,,,,,
115,Charadriusbicinctus,,None,,,,,,,,,,,,,,,,,,
116,Charadriusbifrontatus,,None,,,,,,,,,,,,,,,,,,
117,Charadriuscollaris,,None,,,,,,,,,,,,,,,,,,
118,Charadriusdealbatus,,None,,,,,,,,,,,,,,,,,,
119,Charadriusdubius,,None,,,,,,,,,,,,,,,,,,
120,Charadriusfalklandicus,,None,,,,,,,,,,,,,,,,,,
121,Charadriusforbesi,,None,,,,,,,,,,,,,,,,,,
122,Charadriushiaticula,,None,,,,,,,,,,,,,,,,,,
123,Charadriusjavanicus,,None,,,,,,,,,,,,,,,,,,
124,Charadriusleschenaultii,,None,,,,,,,,,,,,,,,,,,
125,Charadriusmarginatus,,None,,,,,,,,,,,,,,,,,,
126,Charadriusmelodus,,None,,,,,,,,,,,,,,,,,,
127,Charadriusmodestus,,None,,,,,,,,,,,,,,,,,,
128,Charadriusmongolus,,None,,,,,,,,,,,,,,,,,,
129,Charadriusmontanus,,None,,,,,,,,,,,,,,,,,,
130,Charadriusnivosus,,None,,,,,,,,,,,,,,,,,,
131,Charadriusobscurus,,None,,,,,,,,,,,,,,,,,,
132,Charadriuspallidus,,None,,,,,,,,,,,,,,,,,,
133,Charadriuspecuarius,,None,,,,,,,,,,,,,,,,,,
134,Charadriusperonii,,None,,,,,,,,,,,,,,,,,,
135,Charadriusplacidus,,None,,,,,,,,,,,,,,,,,,
136,Charadriusruficapillus,,None,,,,,,,,,,,,,,,,,,
137,Charadriussanctaehelenae,,None,,,,,,,,,,,,,,,,,,
138,Charadriussemipalmatus,,None,,,,,,,,,,,,,,,,,,
139,Charadriusthoracicus,,None,,,,,,,,,,,,,,,,,,
140,Charadriustricollaris,,None,,,,,,,,,,,,,,,,,,
141,Charadriusveredus,,None,,,,,,,,,,,,,,,,,,
142,Charadriusvociferus,,None,,,,,,,,,,,,,,,,,,
143,Charadriuswilsonia,,None,,,,,,,,,,,,,,,,,,
144,Elseyornismelanops,,None,,,,,,,,,,,,,,,,,,
145,Erythrogonyscinctus,,None,,,,,,,,,,,,,,,,,,
146,Eudromiasmorinellus,,None,,,,,,,,,,,,,,,,,,
147,Hoploxypteruscayanus,,None,,,,,,,,,,,,,,,,,,
148,Oreopholusruficollis,,None,,,,,,,,,,,,,,,,,,
149,Peltohyasaustralis,,None,,,,,,,,,,,,,,,,,,
150,Phegornismitchellii,,None,,,,,,,,,,,,,,,,,,
151,Pluvialisapricaria,,None,,,,,,,,,,,,,,,,,,
152,Pluvialisdominica,,None,,,,,,,,,,,,,,,,,,
153,Pluvialisfulva,,None,,,,,,,,,,,,,,,,,,
154,Pluvialissquatarola,,None,,,,,,,,,,,,,,,,,,
155,Thinorniscucullatus,,None,,,,,,,,,,,,,,,,,,
156,Thinornisnovaeseelandiae,,None,,,,,,,,,,,,,,,,,,
157,Vanellusalbiceps,,None,,,,,,,,,,,,,,,,,,
158,Vanellusarmatus,,None,,,,,,,,,,,,,,,,,,
159,Vanelluschilensis,,None,,,,,,,,,,,,,,,,,,
160,Vanelluscinereus,,None,,,,,,,,,,,,,,,,,,
161,Vanelluscoronatus,,None,,,,,,,,,,,,,,,,,,
162,Vanelluscrassirostris,,None,,,,,,,,,,,,,,,,,,
163,Vanellusduvaucelii,,None,,,,,,,,,,,,,,,,,,
164,Vanellusgregarius,,None,,,,,,,,,,,,,,,,,,
165,Vanellusindicus,,None,,,,,,,,,,,,,,,,,,
166,Vanellusleucurus,,None,,,,,,,,,,,,,,,,,,
167,Vanelluslugubris,,None,,,,,,,,,,,,,,,,,,
168,Vanellusmacropterus,,None,,,,,,,,,,,,,,,,,,
169,Vanellusmalarbaricus,,None,,,,,,,,,,,,,,,,,,
170,Vanellusmelanocephalus,,None,,,,,,,,,,,,,,,,,,
171,Vanellusmelanopterus,,None,,,,,,,,,,,,,,,,,,
172,Vanellusmiles,,None,,,,,,,,,,,,,,,,,,
173,Vanellusnovaehollandiae,,None,,,,,,,,,,,,,,,,,,
174,Vanellusresplendens,,None,,,,,,,,,,,,,,,,,,
175,Vanellussenegallus,,None,,,,,,,,,,,,,,,,,,
176,Vanellusspinosus,,None,,,,,,,,,,,,,,,,,,
177,Vanellussuperciliosus,,None,,,,,,,,,,,,,,,,,,
178,Vanellustectus,,None,,,,,,,,,,,,,,,,,,
179,Vanellustricolor,,None,,,,,,,,,,,,,,,,,,
180,Vanellusvanellus,,None,,,,,,,,,,,,,,,,,,
181,Chionisalbus,,None,,,,,,,,,,,,,,,,,,
182,Chionisminor,,None,,,,,,,,,,,,,,,,,,
183,Diomedeaamsterdamensis,,Harrison 1983,,,,,,,,,,,,,,,,,,
183,Diomedeaamsterdamensis,,Carboneras 1992,,,,,,,,,,,,,,,,,,
184,Diomedeaantipodensis,,Harrison 1983,,,,,,,,,,,,,,,,,,
185,Diomedeadabbenena,,Harrison 1983,,,,,,,,,,,,,,,,,,
186,Diomedeaepomophora,,Tickell 1968,,,,,,,,,,,,,,,,,,
186,Diomedeaepomophora,,Croxall and Gaston 1988,,,,,,,,,,,,,,,,,,
186,Diomedeaepomophora,,Marchant and Higgins 1990,,,,,,,,,,,,,,,,,,
187,Diomedeaexulans,,Tickell 1968,,,,,,,,,,,,,,,,,,
187,Diomedeaexulans,,Croxall and Prince 1983,,,,,,,,,,,,,,,,,,
187,Diomedeaexulans,,Croxall and Gaston 1988,,,,,,,,,,,,,,,,,,
187,Diomedeaexulans,,Marchant and Higgins 1990,,,,,,,,,,,,,,,,,,
187,Diomedeaexulans,,Shaffer et al 2001,,,,,,,,,,,,,,,,,,
187,Diomedeaexulans,,BBL,,,,,,,,,,,,,,,,,,
188,Diomedeasanfordi,,Harrison 1983,,,,,,,,,,,,,,,,,,
188,Diomedeasanfordi,,Warham 1990,,,,,,,,,,,,,,,,,,
189,Phoebastriaalbatrus,,Carboneras 1992,,,,,,,,,,,,,,,,,,
190,Phoebastriaimmutabilis,,Fisher 1975,,,,,,,,,,,,,,,,,,
190,Phoebastriaimmutabilis,,Whittow 1993b,,,,,,,,,,,,,,,,,,
190,Phoebastriaimmutabilis,,BBL,,,,,,,,,,,,,,,,,,
191,Phoebastriairrorata,,Harris 1973,,,,,,,,,,,,,,,,,,
191,Phoebastriairrorata,,Carboneras 1992,,,,,,,,,,,,,,,,,,
192,Phoebastrianigripes,,Whittow 1993a,,,,,,,,,,,,,,,,,,
192,Phoebastrianigripes,,Robbins C,,,,,,,,,,,,,,,,,,
192,Phoebastrianigripes,,Viggiano A.  and Marzluff J.M.  pers. comm.,,,,,,,,,,,,,,,,,,
192,Phoebastrianigripes,,BBL,,,,,,,,,,,,,,,,,,
193,Phoebetriafusca,,Croxall and Gaston 1988,,,,,,,,,,,,,,,,,,
193,Phoebetriafusca,,Marchant and Higgins 1990,,,,,,,,,,,,,,,,,,
193,Phoebetriafusca,,Warham 1990,,,,,,,,,,,,,,,,,,
194,Phoebetriapalpebrata,,Croxall and Gaston 1988,,,,,,,,,,,,,,,,,,
194,Phoebetriapalpebrata,,Marchant and Higgins 1990,,,,,,,,,,,,,,,,,,
194,Phoebetriapalpebrata,,Warham 1990,,,,,,,,,,,,,,,,,,
195,Thalassarchebulleri,,Marchant and Higgins 1990,,,,,,,,,,,,,,,,,,
195,Thalassarchebulleri,,Carboneras 1992,,,,,,,,,,,,,,,,,,
195,Thalassarchebulleri,,Sagar and Warham 1993,,,,,,,,,,,,,,,,,,
195,Thalassarchebulleri,,Sagar and Warham 1997,,,,,,,,,,,,,,,,,,
196,Thalassarchecarteri,,Carboneras 1992,,,,,,,,,,,,,,,,,,
197,Thalassarchecauta,,Marchant and Higgins 1990,,,,,,,,,,,,,,,,,,
197,Thalassarchecauta,,Carboneras 1992,,,,,,,,,,,,,,,,,,
198,Thalassarchechlororhynchos,,Croxall and Gaston 1988,,,,,,,,,,,,,,,,,,
198,Thalassarchechlororhynchos,,Marchant and Higgins 1990,,,,,,,,,,,,,,,,,,
199,Thalassarchechrysostoma,,Croxall 1981,,,,,,,,,,,,,,,,,,
199,Thalassarchechrysostoma,,Croxall and Prince 1983,,,,,,,,,,,,,,,,,,
199,Thalassarchechrysostoma,,Croxall and Gaston 1988,,,,,,,,,,,,,,,,,,
199,Thalassarchechrysostoma,,Marchant and Higgins 1990,,,,,,,,,,,,,,,,,,
200,Thalassarcheeremita,,Harrison 1983,,,,,,,,,,,,,,,,,,
201,Thalassarcheimpavida,,Marchant and Higgins 1990,,,,,,,,,,,,,,,,,,
201,Thalassarcheimpavida,,Waugh et al 1999,,,,,,,,,,,,,,,,,,
202,Thalassarchemelanophris,,Croxall and Prince 1983,,,,,,,,,,,,,,,,,,
202,Thalassarchemelanophris,,Croxall 1981,,,,,,,,,,,,,,,,,,
202,Thalassarchemelanophris,,Croxall and Gaston 1988,,,,,,,,,,,,,,,,,,
203,Thalassarchesalvini,,Harrison 1983,,,,,,,,,,,,,,,,,,
204,Thalassarchesteadi,,None,,,,,,,,,,,,,,,,,,
206,Fregataandrewsi,,Marchant and Higgins 1990,,,,,,,,,,,,,,,,,,
206,Fregataandrewsi,,Orta 1992,,,,,,,,,,,,,,,,,,
207,Fregataaquila,,Orta 1992,,,,,,,,,,,,,,,,,,
207,Fregataaquila,,Stonehouse and Stonehouse 1963,,,,,,,,,,,,,,,,,,
208,Fregataariel,,Diamond 1975,,,,,,,,,,,,,,,,,,
208,Fregataariel,,Marchant and Higgins 1990,,,,,,,,,,,,,,,,,,
208,Fregataariel,,Schreiber E.A. unpubl.,,,,,,,,,,,,,,,,,,
208,Fregataariel,,BBL,,,,,,,,,,,,,,,,,,
209,Fregatamagnificens,,Pennycuick 1983,,,,,,,,,,,,,,,,,,
209,Fregatamagnificens,,Carmona et al 1995,,,,,,,,,,,,,,,,,,
209,Fregatamagnificens,,Diamond and Schreiber in press,,,,,,,,,,,,,,,,,,
210,Fregataminor,,Diamond 1975,,,,,,,,,,,,,,,,,,
210,Fregataminor,,Marchant and Higgins 1990,,,,,,,,,,,,,,,,,,
210,Fregataminor,,Schreiber E.A. unpubl.,,,,,,,,,,,,,,,,,,
210,Fregataminor,,BBL,,,,,,,,,,,,,,,,,,
211,Cursoriuscoromandelicus,,None,,,,,,,,,,,,,,,,,,
212,Cursoriuscursor,,None,,,,,,,,,,,,,,,,,,
213,Cursoriusrufus,,None,,,,,,,,,,,,,,,,,,
214,Cursoriussomalensis,,None,,,,,,,,,,,,,,,,,,
215,Cursoriustemminckii,,None,,,,,,,,,,,,,,,,,,
216,Glareolacinerea,,None,,,,,,,,,,,,,,,,,,
217,Glareolalactea,,None,,,,,,,,,,,,,,,,,,
218,Glareolamaldivarum,,None,,,,,,,,,,,,,,,,,,
219,Glareolanordmanni,,None,,,,,,,,,,,,,,,,,,
220,Glareolanuchalis,,None,,,,,,,,,,,,,,,,,,
221,Glareolaocularis,,None,,,,,,,,,,,,,,,,,,
222,Glareolapratincola,,None,,,,,,,,,,,,,,,,,,
223,Rhinoptilusbitorquatus,,None,,,,,,,,,,,,,,,,,,
224,Rhinoptiluschalcopterus,,None,,,,,,,,,,,,,,,,,,
225,Rhinoptiluscinctus,,None,,,,,,,,,,,,,,,,,,
226,Smutsornisafricanus,,None,,,,,,,,,,,,,,,,,,
227,Stiltiaisabella,,None,,,,,,,,,,,,,,,,,,
228,Haematopusater,,None,,,,,,,,,,,,,,,,,,
229,Haematopuschathamensis,,None,,,,,,,,,,,,,,,,,,
230,Haematopusfuliginosus,,None,,,,,,,,,,,,,,,,,,
231,Haematopusleucopodus,,None,,,,,,,,,,,,,,,,,,
232,Haematopuslongirostris,,None,,,,,,,,,,,,,,,,,,
233,Haematopusmeadewaldoi,,None,,,,,,,,,,,,,,,,,,
234,Haematopusmoquini,,None,,,,,,,,,,,,,,,,,,
235,Haematopusostralegus,,None,,,,,,,,,,,,,,,,,,
236,Haematopuspalliatus,,None,,,,,,,,,,,,,,,,,,
237,Haematopusunicolor,,None,,,,,,,,,,,,,,,,,,
238,Hydrobatescastro,,Warham 1990,,,,,,,,,,,,,,,,,,
238,Hydrobatescastro,,Carboneras 1992,,,,,,,,,,,,,,,,,,
239,Hydrobatesfurcatus,,Croxall and Gaston 1988,,,,,,,,,,,,,,,,,,
239,Hydrobatesfurcatus,,Warham 1990,,,,,,,,,,,,,,,,,,
239,Hydrobatesfurcatus,,Warham 1996,,,,,,,,,,,,,,,,,,
239,Hydrobatesfurcatus,,BBL,,,,,,,,,,,,,,,,,,
240,Hydrobateshomochroa,,Ainley et al 1974,,,,,,,,,,,,,,,,,,
240,Hydrobateshomochroa,,Warham 1990,,,,,,,,,,,,,,,,,,
240,Hydrobateshomochroa,,Warham 1996,,,,,,,,,,,,,,,,,,
240,Hydrobateshomochroa,,Ainley 1995,,,,,,,,,,,,,,,,,,
240,Hydrobateshomochroa,,BBL,,,,,,,,,,,,,,,,,,
241,Hydrobateshornbyi,,Carboneras 1992,,,,,,,,,,,,,,,,,,
242,Hydrobatesleucorhous,,Cramp and Simmons 1983,,,,,,,,,,,,,,,,,,
242,Hydrobatesleucorhous,,Ricklefs et al 1986,,,,,,,,,,,,,,,,,,
242,Hydrobatesleucorhous,,Ainley et al 1990,,,,,,,,,,,,,,,,,,
242,Hydrobatesleucorhous,,Warham 1990,,,,,,,,,,,,,,,,,,
242,Hydrobatesleucorhous,,Warham 1996,,,,,,,,,,,,,,,,,,
242,Hydrobatesleucorhous,,Huntington et al 1996,,,,,,,,,,,,,,,,,,
242,Hydrobatesleucorhous,,BBL,,,,,,,,,,,,,,,,,,
243,Hydrobatesmacrodactylus,,None,,,,,,,,,,,,,,,,,,
244,Hydrobatesmarkhami,,Warham 1990,,,,,,,,,,,,,,,,,,
244,Hydrobatesmarkhami,,Carboneras 1992,,,,,,,,,,,,,,,,,,
245,Hydrobatesmatsudairae,,Marchant and Higgins 1990,,,,,,,,,,,,,,,,,,
245,Hydrobatesmatsudairae,,Carboneras 1992,,,,,,,,,,,,,,,,,,
246,Hydrobatesmelania,,Warham 1990,,,,,,,,,,,,,,,,,,
246,Hydrobatesmelania,,Carboneras 1992,,,,,,,,,,,,,,,,,,
247,Hydrobatesmicrosoma,,Carboneras 1992,,,,,,,,,,,,,,,,,,
247,Hydrobatesmicrosoma,,Hamer K. pers. comm.,,,,,,,,,,,,,,,,,,
248,Hydrobatesmonorhis,,Carboneras 1992,,,,,,,,,,,,,,,,,,
249,Hydrobatesmonteiroi,,Bolton et al 2008,,,,,,,,,,,,,,,,,,
250,Hydrobatespelagicus,,Croxall and Gaston 1988,,,,,,,,,,,,,,,,,,
250,Hydrobatespelagicus,,Warham 1990,,,,,,,,,,,,,,,,,,
250,Hydrobatespelagicus,,Warham 1996,,,,,,,,,,,,,,,,,,
251,Hydrobatestethys,,Carboneras 1992,,,,,,,,,,,,,,,,,,
252,Hydrobatestristrami,,Warham 1990,,,,,,,,,,,,,,,,,,
252,Hydrobatestristrami,,Carboneras 1992,,,,,,,,,,,,,,,,,,
253,Ibidorhynchastruthersii,,None,,,,,,,,,,,,,,,,,,
254,Actophilornisafricanus,,None,,,,,,,,,,,,,,,,,,
255,Actophilornisalbinucha,,None,,,,,,,,,,,,,,,,,,
256,Hydrophasianuschirurgus,,None,,,,,,,,,,,,,,,,,,
257,Irediparragallinacea,,None,,,,,,,,,,,,,,,,,,
258,Jacanajacana,,None,,,,,,,,,,,,,,,,,,
259,Jacanaspinosa,,None,,,,,,,,,,,,,,,,,,
260,Metopidiusindicus,,None,,,,,,,,,,,,,,,,,,
261,Microparracapensis,,None,,,,,,,,,,,,,,,,,,
262,Anousminutus,,Tarburton 1987,,,,,,,,,,,,,,,,,,
262,Anousminutus,,Gauger 1999,,,,,,,,,,,,,,,,,,
263,Anousstolidus,,Brown 1976,,,,,,,,,,,,,,,,,,
263,Anousstolidus,,BBL,,,,,,,,,,,,,,,,,,
264,Anoustenuirostris,,Gochfeld and Burger 1996,,,,,,,,,,,,,,,,,,
264,Anoustenuirostris,,Ramos et al 2004,,,,,,,,,,,,,,,,,,
265,Chlidoniasalbostriatus,,Gochfeld and Burger 1996,,,,,,,,,,,,,,,,,,
266,Chlidoniashybrida,,Gochfeld and Burger 1996,,,,,,,,,,,,,,,,,,
266,Chlidoniashybrida,,Bakaria et al 2002,,,,,,,,,,,,,,,,,,
267,Chlidoniasleucopterus,,Gochfeld and Burger 1996,,,,,,,,,,,,,,,,,,
268,Chlidoniasniger,,Dunne and Agro 1995,,,,,,,,,,,,,,,,,,
268,Chlidoniasniger,,Gochfeld and Burger 1996,,,,,,,,,,,,,,,,,,
268,Chlidoniasniger,,BBL,,,,,,,,,,,,,,,,,,
268,Chlidoniasniger,,Shealer unpubl.,,,,,,,,,,,,,,,,,,
269,Creagrusfurcatus,,Harris 1979b,,,,,,,,,,,,,,,,,,
269,Creagrusfurcatus,,Burger and Gochfeld 1996,,,,,,,,,,,,,,,,,,
269,Creagrusfurcatus,,Stenhouse et al 2001,,,,,,,,,,,,,,,,,,
270,Gelochelidonmacrotarsa,,None,,,,,,,,,,,,,,,,,,
271,Gelochelidonnilotica,,Bent 1921,,,,,,,,,,,,,,,,,,
271,Gelochelidonnilotica,,Sears 1978,,,,,,,,,,,,,,,,,,
271,Gelochelidonnilotica,,Parnell et al 1995,,,,,,,,,,,,,,,,,,
271,Gelochelidonnilotica,,BBL,,,,,,,,,,,,,,,,,,
272,Gygisalba,,Neithammer and Patrick 1998,,,,,,,,,,,,,,,,,,
272,Gygisalba,,Schreiber E.A. unpubl.,,,,,,,,,,,,,,,,,,
272,Gygisalba,,BBL,,,,,,,,,,,,,,,,,,
273,Gygismicrorhyncha,,Gochfeld and Burger 1996,,,,,,,,,,,,,,,,,,
273,Gygismicrorhyncha,,Higgins and Davis 1996,,,,,,,,,,,,,,,,,,
274,Hydrocoloeusminutus,,Veen 1980,,,,,,,,,,,,,,,,,,
274,Hydrocoloeusminutus,,Ewins and Weseloh 1999,,,,,,,,,,,,,,,,,,
275,Hydroprognecaspia,,Quinn 1990,,,,,,,,,,,,,,,,,,
275,Hydroprognecaspia,,Gochfeld and Burger 1996,,,,,,,,,,,,,,,,,,
275,Hydroprognecaspia,,Cuthbert and Wires 1999,,,,,,,,,,,,,,,,,,
275,Hydroprognecaspia,,BBL,,,,,,,,,,,,,,,,,,
275,Hydroprognecaspia,,Barlow and Dowding 2002,,,,,,,,,,,,,,,,,,
276,Larosternainca,,Gochfeld and Burger 1996,,,,,,,,,,,,,,,,,,
277,Larusargentatus,,Kadlec and Drury 1968,,,,,,,,,,,,,,,,,,
277,Larusargentatus,,Pierotti 1979,,,,,,,,,,,,,,,,,,
277,Larusargentatus,,Pierotti 1982,,,,,,,,,,,,,,,,,,
277,Larusargentatus,,Dunn and Brisbin 1980,,,,,,,,,,,,,,,,,,
277,Larusargentatus,,Pierotti and Good 1994,,,,,,,,,,,,,,,,,,
277,Larusargentatus,,Burger and Gochfeld 1996,,,,,,,,,,,,,,,,,,
277,Larusargentatus,,BBL,,,,,,,,,,,,,,,,,,
277,Larusargentatus,,Bryant and Furness 1995,,,,,,,,,,,,,,,,,,
277,Larusargentatus,,Pons and Migot 1995,,,,,,,,,,,,,,,,,,
277,Larusargentatus,,Chabryzk and Coulson 1976,,,,,,,,,,,,,,,,,,
277,Larusargentatus,,Poole et al 1998,,,,,,,,,,,,,,,,,,
277,Larusargentatus,,Breton et al 2008,,,,,,,,,,,,,,,,,,
278,Larusarmenicus,,Burger and Gochfeld 1996,,,,,,,,,,,,,,,,,,
279,Larusatlanticus,,Burger and Gochfeld 1996,,,,,,,,,,,,,,,,,,
280,Larusatricilla,,Schreiber et al 1979,,,,,,,,,,,,,,,,,,
280,Larusatricilla,,Schreiber and Schreiber 1980,,,,,,,,,,,,,,,,,,
280,Larusatricilla,,Burger 1996,,,,,,,,,,,,,,,,,,
281,Larusaudouinii,,Burger and Gochfeld 1996,,,,,,,,,,,,,,,,,,
282,Larusbelcheri,,Burger and Gochfeld 1996,,,,,,,,,,,,,,,,,,
283,Larusbrunnicephalus,,Burger and Gochfeld 1996,,,,,,,,,,,,,,,,,,
284,Larusbulleri,,Burger and Gochfeld 1996,,,,,,,,,,,,,,,,,,
285,Laruscachinnans,,None,,,,,,,,,,,,,,,,,,
286,Laruscalifornicus,,Winkler 1983,,,,,,,,,,,,,,,,,,
286,Laruscalifornicus,,Winkler 1996,,,,,,,,,,,,,,,,,,
286,Laruscalifornicus,,Burger and Gochfeld 1996,,,,,,,,,,,,,,,,,,
286,Laruscalifornicus,,BBL,,,,,,,,,,,,,,,,,,
287,Laruscanus,,Burger and Gochfeld 1996,,,,,,,,,,,,,,,,,,
288,Laruscirrocephalus,,Burger and Gochfeld 1996,,,,,,,,,,,,,,,,,,
289,Laruscrassirostris,,Burger and Gochfeld 1996,,,,,,,,,,,,,,,,,,
290,Larusdelawarensis,,Vermeer 1970,,,,,,,,,,,,,,,,,,
290,Larusdelawarensis,,Evans 1990,,,,,,,,,,,,,,,,,,
290,Larusdelawarensis,,Ryder 1993,,,,,,,,,,,,,,,,,,
290,Larusdelawarensis,,Burger and Gochfeld 1996,,,,,,,,,,,,,,,,,,
291,Larusdominicanus,,Higgins and Davis 1996,,,,,,,,,,,,,,,,,,
291,Larusdominicanus,,Mills 1973,,,,,,,,,,,,,,,,,,
291,Larusdominicanus,,Mills 1989,,,,,,,,,,,,,,,,,,
291,Larusdominicanus,,Burger and Gochfeld 1996,,,,,,,,,,,,,,,,,,
291,Larusdominicanus,,Mills et al 1996,,,,,,,,,,,,,,,,,,
291,Larusdominicanus,,Altwegg et al 2007,,,,,,,,,,,,,,,,,,
292,Larusfuliginosus,,Burger and Gochfeld 1996,,,,,,,,,,,,,,,,,,
293,Larusfuscus,,Harris 1964,,,,,,,,,,,,,,,,,,
293,Larusfuscus,,Burger and Gochfeld 1996,,,,,,,,,,,,,,,,,,
293,Larusfuscus,,Poole et al 1998,,,,,,,,,,,,,,,,,,
293,Larusfuscus,,Wanless et al 1996,,,,,,,,,,,,,,,,,,
294,Larusgenei,,Burger and Gochfeld 1996,,,,,,,,,,,,,,,,,,
294,Larusgenei,,Oro 2002,,,,,,,,,,,,,,,,,,
295,Larusglaucescens,,Vermeer 1963,,,,,,,,,,,,,,,,,,
295,Larusglaucescens,,Verbeek 1993,,,,,,,,,,,,,,,,,,
295,Larusglaucescens,,Burger and Gochfeld 1996,,,,,,,,,,,,,,,,,,
295,Larusglaucescens,,BBL,,,,,,,,,,,,,,,,,,
295,Larusglaucescens,,Reid 1987,,,,,,,,,,,,,,,,,,
296,Larusglaucoides,,Burger and Gochfeld 1996,,,,,,,,,,,,,,,,,,
297,Larushartlaubii,,Burger and Gochfeld 1996,,,,,,,,,,,,,,,,,,
298,Larusheermanni,,Burger and Gochfeld 1996,,,,,,,,,,,,,,,,,,
299,Larushemprichii,,Burger and Gochfeld 1996,,,,,,,,,,,,,,,,,,
300,Larushyperboreus,,Burger and Gochfeld 1996,,,,,,,,,,,,,,,,,,
301,Larusichthyaetus,,Harris 1964,,,,,,,,,,,,,,,,,,
301,Larusichthyaetus,,Burger and Gochfeld 1996,,,,,,,,,,,,,,,,,,
302,Larusleucophthalmus,,Burger and Gochfeld 1996,,,,,,,,,,,,,,,,,,
303,Laruslivens,,Carmona 1993,,,,,,,,,,,,,,,,,,
303,Laruslivens,,Burger and Gochfeld 1996,,,,,,,,,,,,,,,,,,
303,Laruslivens,,Patten 1996,,,,,,,,,,,,,,,,,,
304,Larusmaculipennis,,Burger and Gochfeld 1996,,,,,,,,,,,,,,,,,,
305,Larusmarinus,,Cramp and Simmons 1983,,,,,,,,,,,,,,,,,,
305,Larusmarinus,,Burger and Gochfeld 1996,,,,,,,,,,,,,,,,,,
305,Larusmarinus,,Good 1998,,,,,,,,,,,,,,,,,,
305,Larusmarinus,,BBL,,,,,,,,,,,,,,,,,,
306,Larusmelanocephalus,,Burger and Gochfeld 1996,,,,,,,,,,,,,,,,,,
307,Larusmichahellis,,Burger and Gochfeld 1996,,,,,,,,,,,,,,,,,,
308,Larusmodestus,,Burger and Gochfeld 1996,,,,,,,,,,,,,,,,,,
309,Larusnovaehollandiae,,Nichols 1974,,,,,,,,,,,,,,,,,,
309,Larusnovaehollandiae,,Harrison 1983,,,,,,,,,,,,,,,,,,
309,Larusnovaehollandiae,,Burger and Gochfeld 1996,,,,,,,,,,,,,,,,,,
310,Larusoccidentalis,,Bellose 1983,,,,,,,,,,,,,,,,,,
310,Larusoccidentalis,,Carmona 1993,,,,,,,,,,,,,,,,,,
310,Larusoccidentalis,,Pierotti and Annett 1995,,,,,,,,,,,,,,,,,,
310,Larusoccidentalis,,Burger and Gochfeld 1996,,,,,,,,,,,,,,,,,,
310,Larusoccidentalis,,BBL,,,,,,,,,,,,,,,,,,
310,Larusoccidentalis,,Spear et al 1987,,,,,,,,,,,,,,,,,,
311,Laruspacificus,,Burger and Gochfeld 1996,,,,,,,,,,,,,,,,,,
312,Larusphiladelphia,,Burger and Gochfeld 1996,,,,,,,,,,,,,,,,,,
313,Laruspipixcan,,Burger 1972,,,,,,,,,,,,,,,,,,
313,Laruspipixcan,,Burger 1974,,,,,,,,,,,,,,,,,,
313,Laruspipixcan,,Burger and Gochfeld 1994,,,,,,,,,,,,,,,,,,
313,Laruspipixcan,,BBL,,,,,,,,,,,,,,,,,,
314,Larusrelictus,,Burger and Gochfeld 1996,,,,,,,,,,,,,,,,,,
315,Larusridibundus,,Burger and Gochfeld 1996,,,,,,,,,,,,,,,,,,
315,Larusridibundus,,Stenhouse et al 2001,,,,,,,,,,,,,,,,,,
315,Larusridibundus,,Pr&#233;vot-Julliard et al 1998,,,,,,,,,,,,,,,,,,
316,Larusschistisagus,,Burger and Gochfeld 1996,,,,,,,,,,,,,,,,,,
317,Larusscopulinus,,Higgins and Davis 1996,,,,,,,,,,,,,,,,,,
317,Larusscopulinus,,Mills 1989,,,,,,,,,,,,,,,,,,
317,Larusscopulinus,,Mills et al 1996,,,,,,,,,,,,,,,,,,
318,Larusscoresbii,,Yorio et al 1996,,,,,,,,,,,,,,,,,,
319,Larusserranus,,Burger and Gochfeld 1996,,,,,,,,,,,,,,,,,,
320,Larussmithsonianus,,None,,,,,,,,,,,,,,,,,,
321,Larusthayeri,,Burger and Gochfeld 1996,,,,,,,,,,,,,,,,,,
322,Onychoprionaleuticus,,Baird 1986,,,,,,,,,,,,,,,,,,
322,Onychoprionaleuticus,,North 1997,,,,,,,,,,,,,,,,,,
323,Onychoprionanaethetus,,Haney et al 1999,,,,,,,,,,,,,,,,,,
323,Onychoprionanaethetus,,Higgins and Davis 1996,,,,,,,,,,,,,,,,,,
323,Onychoprionanaethetus,,Dunlop and Jenkins 1992,,,,,,,,,,,,,,,,,,
323,Onychoprionanaethetus,,Dunlop and Jenkins 1994,,,,,,,,,,,,,,,,,,
324,Onychoprionfuscatus,,Gochfeld and Burger 1996,,,,,,,,,,,,,,,,,,
324,Onychoprionfuscatus,,BBL,,,,,,,,,,,,,,,,,,
325,Onychoprionlunatus,,Amerson and Shelton 1976,,,,,,,,,,,,,,,,,,
325,Onychoprionlunatus,,Mostello et al 2000,,,,,,,,,,,,,,,,,,
326,Pagophilaeburnea,,Cramp and Simmons 1983,,,,,,,,,,,,,,,,,,
326,Pagophilaeburnea,,Haney and Macdonald 1995,,,,,,,,,,,,,,,,,,
326,Pagophilaeburnea,,Stenhouse et al 2001,,,,,,,,,,,,,,,,,,
326,Pagophilaeburnea,,Stenhouse et al 2004,,,,,,,,,,,,,,,,,,
326,Pagophilaeburnea,,Vuilleumier 1995,,,,,,,,,,,,,,,,,,
327,Phaetusasimplex,,Gochfeld and Burger 1996,,,,,,,,,,,,,,,,,,
328,Procelsternaalbivitta,,Gochfeld and Burger 1996,,,,,,,,,,,,,,,,,,
329,Procelsternacerulea,,Gochfeld and Burger 1996,,,,,,,,,,,,,,,,,,
330,Rhodostethiarosea,,Burger and Gochfeld 1996,,,,,,,,,,,,,,,,,,
330,Rhodostethiarosea,,Stenhouse et al 2001,,,,,,,,,,,,,,,,,,
331,Rissabrevirostris,,Byrd and Williams 1993a,,,,,,,,,,,,,,,,,,
331,Rissabrevirostris,,Hatch et al 1993,,,,,,,,,,,,,,,,,,
331,Rissabrevirostris,,Burger and Gochfeld 1996,,,,,,,,,,,,,,,,,,
331,Rissabrevirostris,,Welcker 2010,,,,,,,,,,,,,,,,,,
331,Rissabrevirostris,,BBL,,,,,,,,,,,,,,,,,,
332,Rissatridactyla,,Coulson and White 1956,,,,,,,,,,,,,,,,,,
332,Rissatridactyla,,Coulson and White 1959,,,,,,,,,,,,,,,,,,
332,Rissatridactyla,,Hatch et al 1993,,,,,,,,,,,,,,,,,,
332,Rissatridactyla,,Baird 1994,,,,,,,,,,,,,,,,,,
332,Rissatridactyla,,Stenhouse et al 2001,,,,,,,,,,,,,,,,,,
332,Rissatridactyla,,BBL,,,,,,,,,,,,,,,,,,
332,Rissatridactyla,,Bryant and Furness 1995,,,,,,,,,,,,,,,,,,
332,Rissatridactyla,,Rothery et al 2002,,,,,,,,,,,,,,,,,,
333,Rynchopsalbicollis,,Gochfeld and Burger 1996,,,,,,,,,,,,,,,,,,
334,Rynchopsflavirostris,,Gochfeld and Burger 1996,,,,,,,,,,,,,,,,,,
335,Rynchopsniger,,Quinn 1990,,,,,,,,,,,,,,,,,,
335,Rynchopsniger,,Gochfeld and Burger 1996,,,,,,,,,,,,,,,,,,
335,Rynchopsniger,,BBL,,,,,,,,,,,,,,,,,,
335,Rynchopsniger,,Dinsmore 2008,,,,,,,,,,,,,,,,,,
336,Saundersilarussaundersi,,Burger and Gochfeld 1996,,,,,,,,,,,,,,,,,,
337,Sternaacuticauda,,Gochfeld and Burger 1996,,,,,,,,,,,,,,,,,,
338,Sternaaurantia,,Gochfeld and Burger 1996,,,,,,,,,,,,,,,,,,
338,Sternaaurantia,,Mundkur 1992,,,,,,,,,,,,,,,,,,
339,Sternadougallii,,Nisbet 1989,,,,,,,,,,,,,,,,,,
339,Sternadougallii,,Gochfeld et al 1998,,,,,,,,,,,,,,,,,,
339,Sternadougallii,,Spendelow et al 1995,,,,,,,,,,,,,,,,,,
339,Sternadougallii,,BBL,,,,,,,,,,,,,,,,,,
339,Sternadougallii,,Ramos 2002,,,,,,,,,,,,,,,,,,
339,Sternadougallii,,Monticelli 2008,,,,,,,,,,,,,,,,,,
340,Sternaforsteri,,Gochfeld and Burger 1996,,,,,,,,,,,,,,,,,,
341,Sternahirundinacea,,Gochfeld and Burger 1996,,,,,,,,,,,,,,,,,,
341,Sternahirundinacea,,Szostek et al 2014,,,,,,,,,,,,,,,,,,
342,Sternahirundo,,Austin and Austin 1956,,,,,,,,,,,,,,,,,,
342,Sternahirundo,,Gonz&#225;lez-Sol&#237;s et al 1999,,,,,,,,,,,,,,,,,,
342,Sternahirundo,,Robinson et al 2001,,,,,,,,,,,,,,,,,,
342,Sternahirundo,,Nisbet I.C.T. unpubl.,,,,,,,,,,,,,,,,,,
342,Sternahirundo,,BBL,,,,,,,,,,,,,,,,,,
342,Sternahirundo,,Dittmann et al 2001,,,,,,,,,,,,,,,,,,
343,Sternaparadisaea,,Cullen 1957,,,,,,,,,,,,,,,,,,
343,Sternaparadisaea,,Langham 1983,,,,,,,,,,,,,,,,,,
343,Sternaparadisaea,,Robinson and Hamer 2000,,,,,,,,,,,,,,,,,,
343,Sternaparadisaea,,Robinson et al 2001,,,,,,,,,,,,,,,,,,
343,Sternaparadisaea,,Stenhouse et al 2001,,,,,,,,,,,,,,,,,,
343,Sternaparadisaea,,BBL,,,,,,,,,,,,,,,,,,
344,Sternarepressa,,Gochfeld and Burger 1996,,,,,,,,,,,,,,,,,,
345,Sternastriata,,Gochfeld and Burger 1996,,,,,,,,,,,,,,,,,,
346,Sternasumatrana,,Langham 1983,,,,,,,,,,,,,,,,,,
346,Sternasumatrana,,Gochfeld and Burger 1996,,,,,,,,,,,,,,,,,,
347,Sternatrudeaui,,Gochfeld and Burger 1996,,,,,,,,,,,,,,,,,,
348,Sternavirgata,,Gochfeld and Burger 1996,,,,,,,,,,,,,,,,,,
348,Sternavirgata,,Higgins and Davis 1996,,,,,,,,,,,,,,,,,,
349,Sternavittata,,Gochfeld and Burger 1996,,,,,,,,,,,,,,,,,,
349,Sternavittata,,Higgins and Davis 1996,,,,,,,,,,,,,,,,,,
350,Sternulaalbifrons,,Gochfeld and Burger 1996,,,,,,,,,,,,,,,,,,
350,Sternulaalbifrons,,Hongell 1989,,,,,,,,,,,,,,,,,,
350,Sternulaalbifrons,,Oro et al 2004,,,,,,,,,,,,,,,,,,
350,Sternulaalbifrons,,Scarton 2008,,,,,,,,,,,,,,,,,,
351,Sternulaantillarum,,Hays 1980,,,,,,,,,,,,,,,,,,
351,Sternulaantillarum,,Massey et al 1992,,,,,,,,,,,,,,,,,,
351,Sternulaantillarum,,Collins et al 1996,,,,,,,,,,,,,,,,,,
351,Sternulaantillarum,,Thompson et al 1997,,,,,,,,,,,,,,,,,,
351,Sternulaantillarum,,BBL,,,,,,,,,,,,,,,,,,
352,Sternulabalaenarum,,Gochfeld and Burger 1996,,,,,,,,,,,,,,,,,,
353,Sternulalorata,,Gochfeld and Burger 1996,,,,,,,,,,,,,,,,,,
353,Sternulalorata,,Zavalaga et al 2001,,,,,,,,,,,,,,,,,,
354,Sternulanereis,,Gochfeld and Burger 1996,,,,,,,,,,,,,,,,,,
355,Sternulasaundersi,,Gochfeld and Burger 1996,,,,,,,,,,,,,,,,,,
356,Sternulasuperciliaris,,Gochfeld and Burger 1996,,,,,,,,,,,,,,,,,,
357,Thalasseusbengalensis,,Gochfeld and Burger 1996,,,,,,,,,,,,,,,,,,
358,Thalasseusbergii,,Langham 1983,,,,,,,,,,,,,,,,,,
358,Thalasseusbergii,,Gochfeld and Burger 1996,,,,,,,,,,,,,,,,,,
359,Thalasseusbernsteini,,Gochfeld and Burger 1996,,,,,,,,,,,,,,,,,,
359,Thalasseusbernsteini,,Pym T. pers. comm.,,,,,,,,,,,,,,,,,,
360,Thalasseuselegans,,Schaffner 1982,,,,,,,,,,,,,,,,,,
360,Thalasseuselegans,,Burness et al 1999,,,,,,,,,,,,,,,,,,
361,Thalasseusmaximus,,Gochfeld and Burger 1996,,,,,,,,,,,,,,,,,,
361,Thalasseusmaximus,,BBL,,,,,,,,,,,,,,,,,,
361,Thalasseusmaximus,,Collins and Doherty 2006,,,,,,,,,,,,,,,,,,
362,Thalasseussandvicensisacuflavida,,Langham 1974,,,,,,,,,,,,,,,,,,
362,Thalasseussandvicensisacuflavida,,Shealer 1999,,,,,,,,,,,,,,,,,,
362,Thalasseussandvicensisacuflavida,,BBL,,,,,,,,,,,,,,,,,,
363,Thalasseussandvicensiseurygnatha,,Shealer 1999,,,,,,,,,,,,,,,,,,
364,Xemasabini,,Burger and Gochfeld 1996,,,,,,,,,,,,,,,,,,
364,Xemasabini,,Stenhouse et al 2001,,,,,,,,,,,,,,,,,,
365,Fregettagrallaria,,Croxall and Gaston 1988,,,,,,,,,,,,,,,,,,
365,Fregettagrallaria,,Warham 1990,,,,,,,,,,,,,,,,,,
365,Fregettagrallaria,,Warham 1996,,,,,,,,,,,,,,,,,,
366,Fregettamaoriana,,Cohen et al 2004,,,,,,,,,,,,,,,,,,
367,Fregettatropica,,Croxall and Gaston 1988,,,,,,,,,,,,,,,,,,
367,Fregettatropica,,Warham 1990,,,,,,,,,,,,,,,,,,
367,Fregettatropica,,Warham 1996,,,,,,,,,,,,,,,,,,
368,Garrodianereis,,Croxall and Gaston 1988,,,,,,,,,,,,,,,,,,
368,Garrodianereis,,Warham 1990,,,,,,,,,,,,,,,,,,
368,Garrodianereis,,Warham 1996,,,,,,,,,,,,,,,,,,
369,Nesofregettafuliginosa,,Carboneras 1992,,,,,,,,,,,,,,,,,,
369,Nesofregettafuliginosa,,Schreiber E.A. unpubl.,,,,,,,,,,,,,,,,,,
370,Oceanitesgracilis,,Carboneras 1992,,,,,,,,,,,,,,,,,,
371,Oceanitesgracilisgalapagoensis,,None,,,,,,,,,,,,,,,,,,
372,Oceanitesoceanicus,,Croxall 1981,,,,,,,,,,,,,,,,,,
372,Oceanitesoceanicus,,Croxall and Gaston 1988,,,,,,,,,,,,,,,,,,
372,Oceanitesoceanicus,,Warham 1996,,,,,,,,,,,,,,,,,,
373,Oceanitesoceanicuschilensis,,Harrison et al 2013,,,,,,,,,,,,,,,,,,
374,Oceanitesoceanicusexasperatus,,Beck and Brown 1972,,,,,,,,,,,,,,,,,,
375,Oceanitesoceanicusoceanicus,,Jouventin et al 1985,,,,,,,,,,,,,,,,,,
376,Oceanitespincoyae,,Harrison et al 2013,,,,,,,,,,,,,,,,,,
377,Pelagodromamarina,,Croxall and Gaston 1988,,,,,,,,,,,,,,,,,,
377,Pelagodromamarina,,Warham 1990,,,,,,,,,,,,,,,,,,
377,Pelagodromamarina,,Warham 1996,,,,,,,,,,,,,,,,,,
378,Pedionomustorquatus,,None,,,,,,,,,,,,,,,,,,
379,Pelecanusconspicillatus,,Marchant and Higgins 1990,,,,,,,,,,,,,,,,,,
379,Pelecanusconspicillatus,,Johnsgard 1993,,,,,,,,,,,,,,,,,,
380,Pelecanuscrispus,,Crivelli 1987,,,,,,,,,,,,,,,,,,
380,Pelecanuscrispus,,Johnsgard 1993,,,,,,,,,,,,,,,,,,
381,Pelecanuserythrorhynchos,,Evans and Knopf 1993,,,,,,,,,,,,,,,,,,
381,Pelecanuserythrorhynchos,,Johnsgard 1993,,,,,,,,,,,,,,,,,,
382,Pelecanusoccidentalis,,Schreiber 1976,,,,,,,,,,,,,,,,,,
382,Pelecanusoccidentalis,,Pennycuick 1983,,,,,,,,,,,,,,,,,,
382,Pelecanusoccidentalis,,Johnsgard 1993,,,,,,,,,,,,,,,,,,
383,Pelecanusonocrotalus,,Pyrovetsi 1989,,,,,,,,,,,,,,,,,,
383,Pelecanusonocrotalus,,Hatziliacou 1992,,,,,,,,,,,,,,,,,,
383,Pelecanusonocrotalus,,Carboneras 1992,,,,,,,,,,,,,,,,,,
383,Pelecanusonocrotalus,,Johnsgard 1993,,,,,,,,,,,,,,,,,,
384,Pelecanusphilippensis,,Nagulu 1984,,,,,,,,,,,,,,,,,,
384,Pelecanusphilippensis,,Johnsgard 1993,,,,,,,,,,,,,,,,,,
385,Pelecanusrufescens,,Burke and Brown 1970,,,,,,,,,,,,,,,,,,
385,Pelecanusrufescens,,Din and Eltringham 1974,,,,,,,,,,,,,,,,,,
385,Pelecanusrufescens,,Johnsgard 1993,,,,,,,,,,,,,,,,,,
386,Pelecanusthagus,,None,,,,,,,,,,,,,,,,,,
387,Phaethonaethereus,,Stonehouse 1962,,,,,,,,,,,,,,,,,,
387,Phaethonaethereus,,Harris 1979b,,,,,,,,,,,,,,,,,,
387,Phaethonaethereus,,Orta 1992,,,,,,,,,,,,,,,,,,
388,Phaethonlepturus,,Stonehouse 1962,,,,,,,,,,,,,,,,,,
388,Phaethonlepturus,,Marchant and Higgins 1990,,,,,,,,,,,,,,,,,,
388,Phaethonlepturus,,Lee and Walsh-McGehee 1998,,,,,,,,,,,,,,,,,,
388,Phaethonlepturus,,Ramos et al 2005,,,,,,,,,,,,,,,,,,
389,Phaethonrubricauda,,Fleet 1974,,,,,,,,,,,,,,,,,,
389,Phaethonrubricauda,,Marchant and Higgins 1990,,,,,,,,,,,,,,,,,,
389,Phaethonrubricauda,,Schreiber and Schreiber 1993,,,,,,,,,,,,,,,,,,
389,Phaethonrubricauda,,BBL,,,,,,,,,,,,,,,,,,
389,Phaethonrubricauda,,Schreiber et al 2004,,,,,,,,,,,,,,,,,,
389,Phaethonrubricauda,,Oikos in press,,,,,,,,,,,,,,,,,,
390,Microcarboafricanus,,Orta 1992,,,,,,,,,,,,,,,,,,
390,Microcarboafricanus,,Johnsgard 1993,,,,,,,,,,,,,,,,,,
391,Microcarbocoronatus,,Orta 1992,,,,,,,,,,,,,,,,,,
391,Microcarbocoronatus,,Johnsgard 1993,,,,,,,,,,,,,,,,,,
392,Microcarbomelanoleucos,,Marchant and Higgins 1990,,,,,,,,,,,,,,,,,,
392,Microcarbomelanoleucos,,Orta 1992,,,,,,,,,,,,,,,,,,
393,Microcarboniger,,Orta 1992,,,,,,,,,,,,,,,,,,
393,Microcarboniger,,Johnsgard 1993,,,,,,,,,,,,,,,,,,
394,Microcarbopygmaeus,,Orta 1992,,,,,,,,,,,,,,,,,,
394,Microcarbopygmaeus,,Johnsgard 1993,,,,,,,,,,,,,,,,,,
395,Phalacrocoraxbransfieldensis,,Marchant and Higgins 1990,,,,,,,,,,,,,,,,,,
395,Phalacrocoraxbransfieldensis,,Orta 1992,,,,,,,,,,,,,,,,,,
396,Phalacrocoraxgeorgianus,,Marchant and Higgins 1990,,,,,,,,,,,,,,,,,,
396,Phalacrocoraxgeorgianus,,Orta 1992,,,,,,,,,,,,,,,,,,
397,Phalacrocoraxaristotelis,,Potts 1969,,,,,,,,,,,,,,,,,,
397,Phalacrocoraxaristotelis,,Cody 1973,,,,,,,,,,,,,,,,,,
397,Phalacrocoraxaristotelis,,Johnsgard 1993,,,,,,,,,,,,,,,,,,
397,Phalacrocoraxaristotelis,,Bryant and Furness 1995,,,,,,,,,,,,,,,,,,
398,Phalacrocoraxatriceps,,Marchant and Higgins 1990,,,,,,,,,,,,,,,,,,
398,Phalacrocoraxatriceps,,Johnsgard 1993,,,,,,,,,,,,,,,,,,
399,Phalacrocoraxauritus,,Cody 1973,,,,,,,,,,,,,,,,,,
399,Phalacrocoraxauritus,,Dunn 1975,,,,,,,,,,,,,,,,,,
399,Phalacrocoraxauritus,,Siegel-Causey and Hunt 1986,,,,,,,,,,,,,,,,,,
399,Phalacrocoraxauritus,,Erwin 1995,,,,,,,,,,,,,,,,,,
399,Phalacrocoraxauritus,,Hatch and Weseloh 1999,,,,,,,,,,,,,,,,,,
400,Phalacrocoraxbougainvilliorum,,Orta 1992,,,,,,,,,,,,,,,,,,
401,Phalacrocoraxbrasilianus,,Palmer 1962,,,,,,,,,,,,,,,,,,
401,Phalacrocoraxbrasilianus,,Telfair and Morrison 1995,,,,,,,,,,,,,,,,,,
402,Phalacrocoraxcampbelli,,Marchant and Higgins 1990,,,,,,,,,,,,,,,,,,
402,Phalacrocoraxcampbelli,,Orta 1992,,,,,,,,,,,,,,,,,,
403,Phalacrocoraxcapensis,,Orta 1992,,,,,,,,,,,,,,,,,,
403,Phalacrocoraxcapensis,,Johnsgard 1993,,,,,,,,,,,,,,,,,,
404,Phalacrocoraxcapillatus,,Johnsgard 1993,,,,,,,,,,,,,,,,,,
405,Phalacrocoraxcarbo,,Cody 1973,,,,,,,,,,,,,,,,,,
405,Phalacrocoraxcarbo,,Marchant and Higgins 1990,,,,,,,,,,,,,,,,,,
405,Phalacrocoraxcarbo,,Johnsgard 1993,,,,,,,,,,,,,,,,,,
405,Phalacrocoraxcarbo,,Frederiksen and Bregnballe 2000,,,,,,,,,,,,,,,,,,
406,Phalacrocoraxcarunculatus,,Marchant and Higgins 1990,,,,,,,,,,,,,,,,,,
406,Phalacrocoraxcarunculatus,,Orta 1992,,,,,,,,,,,,,,,,,,
407,Phalacrocoraxchalconotus,,Orta 1992,,,,,,,,,,,,,,,,,,
408,Phalacrocoraxcolensoi,,Marchant and Higgins 1990,,,,,,,,,,,,,,,,,,
408,Phalacrocoraxcolensoi,,Orta 1992,,,,,,,,,,,,,,,,,,
409,Phalacrocoraxfeatherstoni,,Orta 1992,,,,,,,,,,,,,,,,,,
410,Phalacrocoraxfuscescens,,Marchant and Higgins 1990,,,,,,,,,,,,,,,,,,
410,Phalacrocoraxfuscescens,,Orta 1992,,,,,,,,,,,,,,,,,,
411,Phalacrocoraxfuscicollis,,Orta 1992,,,,,,,,,,,,,,,,,,
412,Phalacrocoraxgaimardi,,Orta 1992,,,,,,,,,,,,,,,,,,
412,Phalacrocoraxgaimardi,,Johnsgard 1993,,,,,,,,,,,,,,,,,,
413,Phalacrocoraxharrisi,,Harris 1979a,,,,,,,,,,,,,,,,,,
413,Phalacrocoraxharrisi,,Orta 1992,,,,,,,,,,,,,,,,,,
413,Phalacrocoraxharrisi,,Johnsgard 1993,,,,,,,,,,,,,,,,,,
414,Phalacrocoraxmagellanicus,,Orta 1992,,,,,,,,,,,,,,,,,,
415,Phalacrocoraxneglectus,,Orta 1992,,,,,,,,,,,,,,,,,,
416,Phalacrocoraxnigrogularis,,Orta 1992,,,,,,,,,,,,,,,,,,
416,Phalacrocoraxnigrogularis,,Johnsgard 1993,,,,,,,,,,,,,,,,,,
417,Phalacrocoraxonslowi,,Marchant and Higgins 1990,,,,,,,,,,,,,,,,,,
417,Phalacrocoraxonslowi,,Orta 1992,,,,,,,,,,,,,,,,,,
418,Phalacrocoraxpelagicus,,Cody 1973,,,,,,,,,,,,,,,,,,
418,Phalacrocoraxpelagicus,,Hobson 1997,,,,,,,,,,,,,,,,,,
418,Phalacrocoraxpelagicus,,BBL,,,,,,,,,,,,,,,,,,
419,Phalacrocoraxpenicillatus,,Boekelheide and Ainley 1989,,,,,,,,,,,,,,,,,,
419,Phalacrocoraxpenicillatus,,Boekelheide et al 1990,,,,,,,,,,,,,,,,,,
419,Phalacrocoraxpenicillatus,,Johnsgard 1993,,,,,,,,,,,,,,,,,,
419,Phalacrocoraxpenicillatus,,Erwin 1995,,,,,,,,,,,,,,,,,,
419,Phalacrocoraxpenicillatus,,Wallace and Wallace 1998,,,,,,,,,,,,,,,,,,
419,Phalacrocoraxpenicillatus,,BBL,,,,,,,,,,,,,,,,,,
420,Phalacrocoraxperspicillatus,,None,,,,,,,,,,,,,,,,,,
421,Phalacrocoraxpunctatus,,Marchant and Higgins 1990,,,,,,,,,,,,,,,,,,
421,Phalacrocoraxpunctatus,,Orta 1992,,,,,,,,,,,,,,,,,,
421,Phalacrocoraxpunctatus,,Johnsgard 1993,,,,,,,,,,,,,,,,,,
422,Phalacrocoraxranfurlyi,,Marchant and Higgins 1990,,,,,,,,,,,,,,,,,,
422,Phalacrocoraxranfurlyi,,Orta 1992,,,,,,,,,,,,,,,,,,
423,Phalacrocoraxsulcirostris,,Marchant and Higgins 1990,,,,,,,,,,,,,,,,,,
423,Phalacrocoraxsulcirostris,,Orta 1992,,,,,,,,,,,,,,,,,,
424,Phalacrocoraxurile,,Cody 1973,,,,,,,,,,,,,,,,,,
424,Phalacrocoraxurile,,Orta 1992,,,,,,,,,,,,,,,,,,
424,Phalacrocoraxurile,,Johnsgard 1993,,,,,,,,,,,,,,,,,,
425,Phalacrocoraxvarius,,Marchant and Higgins 1990,,,,,,,,,,,,,,,,,,
426,Phalacrocoraxverrucosus,,Marchant and Higgins 1990,,,,,,,,,,,,,,,,,,
427,Pluvianellussocialis,,None,,,,,,,,,,,,,,,,,,
428,Pluvianusaegyptius,,None,,,,,,,,,,,,,,,,,,
429,Aphrodromabrevirostris,,Croxall and Gaston 1988,,,,,,,,,,,,,,,,,,
429,Aphrodromabrevirostris,,Warham 1990,,,,,,,,,,,,,,,,,,
429,Aphrodromabrevirostris,,Carboneras 1992,,,,,,,,,,,,,,,,,,
429,Aphrodromabrevirostris,,Bried J. pers. comm.,,,,,,,,,,,,,,,,,,
430,Ardennabulleri,,Marchant and Higgins 1990,,,,,,,,,,,,,,,,,,
430,Ardennabulleri,,Warham 1990,,,,,,,,,,,,,,,,,,
430,Ardennabulleri,,Carboneras 1992,,,,,,,,,,,,,,,,,,
431,Ardennacarneipes,,Marchant and Higgins 1990,,,,,,,,,,,,,,,,,,
431,Ardennacarneipes,,Warham 1990,,,,,,,,,,,,,,,,,,
431,Ardennacarneipes,,Carboneras 1992,,,,,,,,,,,,,,,,,,
431,Ardennacarneipes,,Barbraud et al 2014,,,,,,,,,,,,,,,,,,
432,Ardennacreatopus,,Marchant and Higgins 1990,,,,,,,,,,,,,,,,,,
432,Ardennacreatopus,,Warham 1990,,,,,,,,,,,,,,,,,,
432,Ardennacreatopus,,Carboneras 1992,,,,,,,,,,,,,,,,,,
433,Ardennagravis,,Marchant and Higgins 1990,,,,,,,,,,,,,,,,,,
433,Ardennagravis,,Warham 1990,,,,,,,,,,,,,,,,,,
433,Ardennagravis,,Carboneras 1992,,,,,,,,,,,,,,,,,,
434,Ardennagrisea,,Richdale 1963,,,,,,,,,,,,,,,,,,
434,Ardennagrisea,,Croxall and Gaston 1988,,,,,,,,,,,,,,,,,,
434,Ardennagrisea,,Carboneras 1992,,,,,,,,,,,,,,,,,,
435,Ardennapacifica,,Floyd and Swanson 1983,,,,,,,,,,,,,,,,,,
435,Ardennapacifica,,Marchant and Higgins 1990,,,,,,,,,,,,,,,,,,
435,Ardennapacifica,,Warham 1990,,,,,,,,,,,,,,,,,,
435,Ardennapacifica,,Whittow 1997,,,,,,,,,,,,,,,,,,
435,Ardennapacifica,,BBL,,,,,,,,,,,,,,,,,,
435,Ardennapacifica,,Cuthbert and Davis 2002,,,,,,,,,,,,,,,,,,
436,Ardennatenuirostris,,Serventy 1967,,,,,,,,,,,,,,,,,,
436,Ardennatenuirostris,,Croxall 1981,,,,,,,,,,,,,,,,,,
436,Ardennatenuirostris,,Croxall and Gaston 1988,,,,,,,,,,,,,,,,,,
436,Ardennatenuirostris,,Hamer et al 1997,,,,,,,,,,,,,,,,,,
436,Ardennatenuirostris,,Cuthbert and Davis 2002,,,,,,,,,,,,,,,,,,
437,Bulweriabifax,,None,,,,,,,,,,,,,,,,,,
438,Bulweriabulwerii,,Amerson and Shelton 1976,,,,,,,,,,,,,,,,,,
438,Bulweriabulwerii,,Mougin 1989,,,,,,,,,,,,,,,,,,
438,Bulweriabulwerii,,Marchant and Higgins 1990,,,,,,,,,,,,,,,,,,
438,Bulweriabulwerii,,Warham 1990,,,,,,,,,,,,,,,,,,
438,Bulweriabulwerii,,Megyesi and O'Daniel 1997,,,,,,,,,,,,,,,,,,
439,Bulweriafallax,,Carboneras 1992,,,,,,,,,,,,,,,,,,
440,Calonectrisborealis,,Marchant and Higgins 1990,,,,,,,,,,,,,,,,,,
440,Calonectrisborealis,,Hamer unpubl.,,,,,,,,,,,,,,,,,,
440,Calonectrisborealis,,Hamer in press,,,,,,,,,,,,,,,,,,
440,Calonectrisborealis,,Hamer and Hill 1994,,,,,,,,,,,,,,,,,,
440,Calonectrisborealis,,Ramos et al 2003,,,,,,,,,,,,,,,,,,
440,Calonectrisborealis,,Ramos et al 2009,,,,,,,,,,,,,,,,,,
441,Calonectrisdiomedea,,Mougin et al 1987a,,,,,,,,,,,,,,,,,,
441,Calonectrisdiomedea,,Mougin et al 1987b,,,,,,,,,,,,,,,,,,
441,Calonectrisdiomedea,,Mougin et al 1988a,,,,,,,,,,,,,,,,,,
441,Calonectrisdiomedea,,Mougin et al 1988b,,,,,,,,,,,,,,,,,,
441,Calonectrisdiomedea,,Warham 1990,,,,,,,,,,,,,,,,,,
441,Calonectrisdiomedea,,Swatschek et al 1994,,,,,,,,,,,,,,,,,,
441,Calonectrisdiomedea,,Thibault 1994,,,,,,,,,,,,,,,,,,
441,Calonectrisdiomedea,,Warham 1996,,,,,,,,,,,,,,,,,,
442,Calonectrisedwardsii,,Petry et al 2000,,,,,,,,,,,,,,,,,,
442,Calonectrisedwardsii,,Hazevoet 1995,,,,,,,,,,,,,,,,,,
443,Calonectrisleucomelas,,Marchant and Higgins 1990,,,,,,,,,,,,,,,,,,
443,Calonectrisleucomelas,,Warham 1990,,,,,,,,,,,,,,,,,,
443,Calonectrisleucomelas,,Carboneras 1992,,,,,,,,,,,,,,,,,,
444,Daptioncapense,,Hudson 1966,,,,,,,,,,,,,,,,,,
444,Daptioncapense,,Croxall and Gaston 1988,,,,,,,,,,,,,,,,,,
444,Daptioncapense,,Marchant and Higgins 1990,,,,,,,,,,,,,,,,,,
444,Daptioncapense,,Warham 1990,,,,,,,,,,,,,,,,,,
444,Daptioncapense,,BBL,,,,,,,,,,,,,,,,,,
445,Fulmarusglacialis,,Dunnet et al 1963,,,,,,,,,,,,,,,,,,
445,Fulmarusglacialis,,Dunnet et al 1979,,,,,,,,,,,,,,,,,,
445,Fulmarusglacialis,,Mougin 1967,,,,,,,,,,,,,,,,,,
445,Fulmarusglacialis,,Hatch and Hatch 1990,,,,,,,,,,,,,,,,,,
445,Fulmarusglacialis,,Bryant and Furness 1995,,,,,,,,,,,,,,,,,,
445,Fulmarusglacialis,,Hatch and Nettleship 1998,,,,,,,,,,,,,,,,,,
445,Fulmarusglacialis,,Phillips and Hamer 2000,,,,,,,,,,,,,,,,,,
445,Fulmarusglacialis,,BBL,,,,,,,,,,,,,,,,,,
445,Fulmarusglacialis,,BTO,,,,,,,,,,,,,,,,,,
446,Fulmarusglacialoides,,Mougin 1967,,,,,,,,,,,,,,,,,,
446,Fulmarusglacialoides,,Croxall 1981,,,,,,,,,,,,,,,,,,
446,Fulmarusglacialoides,,Croxall and Gaston 1988,,,,,,,,,,,,,,,,,,
446,Fulmarusglacialoides,,Marchant and Higgins 1990,,,,,,,,,,,,,,,,,,
446,Fulmarusglacialoides,,Warham 1990,,,,,,,,,,,,,,,,,,
447,Halobaenacaerulea,,Croxall and Gaston 1988,,,,,,,,,,,,,,,,,,
447,Halobaenacaerulea,,Marchant and Higgins 1990,,,,,,,,,,,,,,,,,,
447,Halobaenacaerulea,,Warham 1990,,,,,,,,,,,,,,,,,,
447,Halobaenacaerulea,,Warham 1996,,,,,,,,,,,,,,,,,,
448,Macronectesgiganteus,,Croxall 1981,,,,,,,,,,,,,,,,,,
448,Macronectesgiganteus,,Hunter 1984,,,,,,,,,,,,,,,,,,
448,Macronectesgiganteus,,Croxall and Gaston 1988,,,,,,,,,,,,,,,,,,
448,Macronectesgiganteus,,Nettleship and Hunt 1988,,,,,,,,,,,,,,,,,,
448,Macronectesgiganteus,,Marchant and Higgins 1990,,,,,,,,,,,,,,,,,,
449,Macronecteshalli,,Croxall and Gaston 1988,,,,,,,,,,,,,,,,,,
449,Macronecteshalli,,Marchant and Higgins 1990,,,,,,,,,,,,,,,,,,
449,Macronecteshalli,,Warham 1990,,,,,,,,,,,,,,,,,,
450,Pachyptilabelcheri,,Croxall and Gaston 1988,,,,,,,,,,,,,,,,,,
450,Pachyptilabelcheri,,Marchant and Higgins 1990,,,,,,,,,,,,,,,,,,
450,Pachyptilabelcheri,,Bried J. pers. comm.,,,,,,,,,,,,,,,,,,
451,Pachyptilacrassirostris,,Marchant and Higgins 1990,,,,,,,,,,,,,,,,,,
452,Pachyptiladesolata,,Croxall 1981,,,,,,,,,,,,,,,,,,
452,Pachyptiladesolata,,Croxall and Gaston 1988,,,,,,,,,,,,,,,,,,
452,Pachyptiladesolata,,Marchant and Higgins 1990,,,,,,,,,,,,,,,,,,
453,Pachyptilasalvini,,Croxall 1981,,,,,,,,,,,,,,,,,,
453,Pachyptilasalvini,,Croxall and Gaston 1988,,,,,,,,,,,,,,,,,,
453,Pachyptilasalvini,,Marchant and Higgins 1990,,,,,,,,,,,,,,,,,,
453,Pachyptilasalvini,,Warham 1990,,,,,,,,,,,,,,,,,,
453,Pachyptilasalvini,,Warham 1996,,,,,,,,,,,,,,,,,,
454,Pachyptilaturtur,,Croxall and Gaston 1988,,,,,,,,,,,,,,,,,,
454,Pachyptilaturtur,,Marchant and Higgins 1990,,,,,,,,,,,,,,,,,,
454,Pachyptilaturtur,,Warham 1990,,,,,,,,,,,,,,,,,,
454,Pachyptilaturtur,,Warham 1996,,,,,,,,,,,,,,,,,,
455,Pachyptilavittata,,Croxall and Gaston 1988,,,,,,,,,,,,,,,,,,
455,Pachyptilavittata,,Marchant and Higgins 1990,,,,,,,,,,,,,,,,,,
455,Pachyptilavittata,,Warham 1990,,,,,,,,,,,,,,,,,,
455,Pachyptilavittata,,Warham 1996,,,,,,,,,,,,,,,,,,
456,Pagodromanivea,,Brown 1966,,,,,,,,,,,,,,,,,,
456,Pagodromanivea,,Hudson 1966,,,,,,,,,,,,,,,,,,
456,Pagodromanivea,,Croxall 1981,,,,,,,,,,,,,,,,,,
456,Pagodromanivea,,Marchant and Higgins 1990,,,,,,,,,,,,,,,,,,
456,Pagodromanivea,,Carboneras 1992,,,,,,,,,,,,,,,,,,
457,Pelecanoidesgarnotii,,Warham 1990,,,,,,,,,,,,,,,,,,
457,Pelecanoidesgarnotii,,Carboneras 1992,,,,,,,,,,,,,,,,,,
458,Pelecanoidesgeorgicus,,Croxall and Gaston 1988,,,,,,,,,,,,,,,,,,
458,Pelecanoidesgeorgicus,,Warham 1990,,,,,,,,,,,,,,,,,,
458,Pelecanoidesgeorgicus,,Warham 1996,,,,,,,,,,,,,,,,,,
458,Pelecanoidesgeorgicus,,Carboneras 1992,,,,,,,,,,,,,,,,,,
458,Pelecanoidesgeorgicus,,Bried J. pers. comm.,,,,,,,,,,,,,,,,,,
459,Pelecanoidesmagellani,,Carboneras 1992,,,,,,,,,,,,,,,,,,
460,Pelecanoidesurinatrix,,Croxall 1981,,,,,,,,,,,,,,,,,,
460,Pelecanoidesurinatrix,,Marchant and Higgins 1990,,,,,,,,,,,,,,,,,,
460,Pelecanoidesurinatrix,,Warham 1990,,,,,,,,,,,,,,,,,,
460,Pelecanoidesurinatrix,,Warham 1996,,,,,,,,,,,,,,,,,,
461,Pelecanoidesurinatrixexsul,,Croxall and Gaston 1988,,,,,,,,,,,,,,,,,,
462,Procellariaaequinoctialis,,Croxall and Gaston 1988,,,,,,,,,,,,,,,,,,
462,Procellariaaequinoctialis,,Warham 1990,,,,,,,,,,,,,,,,,,
462,Procellariaaequinoctialis,,Warham 1996,,,,,,,,,,,,,,,,,,
463,Procellariacinerea,,Croxall and Gaston 1988,,,,,,,,,,,,,,,,,,
463,Procellariacinerea,,Marchant and Higgins 1990,,,,,,,,,,,,,,,,,,
463,Procellariacinerea,,Warham 1990,,,,,,,,,,,,,,,,,,
463,Procellariacinerea,,Warham 1996,,,,,,,,,,,,,,,,,,
464,Procellariaconspicillata,,Warham 1990,,,,,,,,,,,,,,,,,,
464,Procellariaconspicillata,,Warham 1996,,,,,,,,,,,,,,,,,,
464,Procellariaconspicillata,,Carboneras 1992,,,,,,,,,,,,,,,,,,
465,Procellariaparkinsoni,,Imber 1987,,,,,,,,,,,,,,,,,,
465,Procellariaparkinsoni,,Mougin 1989,,,,,,,,,,,,,,,,,,
465,Procellariaparkinsoni,,Mougin 1990,,,,,,,,,,,,,,,,,,
465,Procellariaparkinsoni,,Marchant and Higgins 1990,,,,,,,,,,,,,,,,,,
465,Procellariaparkinsoni,,Carboneras 1992,,,,,,,,,,,,,,,,,,
466,Procellariawestlandica,,Marchant and Higgins 1990,,,,,,,,,,,,,,,,,,
466,Procellariawestlandica,,Warham 1990,,,,,,,,,,,,,,,,,,
466,Procellariawestlandica,,Carboneras 1992,,,,,,,,,,,,,,,,,,
466,Procellariawestlandica,,Landers et al 2011,,,,,,,,,,,,,,,,,,
467,Pseudobulweriaaterrima,,Warham 1990,,,,,,,,,,,,,,,,,,
467,Pseudobulweriaaterrima,,Carboneras 1992,,,,,,,,,,,,,,,,,,
468,Pseudobulweriabecki,,Harrison 1983,,,,,,,,,,,,,,,,,,
468,Pseudobulweriabecki,,Warham 1990,,,,,,,,,,,,,,,,,,
468,Pseudobulweriabecki,,PSG Bull 35:1 pg 9,,,,,,,,,,,,,,,,,,
469,Pseudobulweriamacgillivrayi,,Warham 1990,,,,,,,,,,,,,,,,,,
469,Pseudobulweriamacgillivrayi,,Carboneras 1992,,,,,,,,,,,,,,,,,,
470,Pseudobulweriarostrata,,Marchant and Higgins 1990,,,,,,,,,,,,,,,,,,
470,Pseudobulweriarostrata,,Warham 1990,,,,,,,,,,,,,,,,,,
471,Pterdromaocculta,,Imber and Tennyson 2001,,,,,,,,,,,,,,,,,,
472,Pterodromaalba,,Marchant and Higgins 1990,,,,,,,,,,,,,,,,,,
472,Pterodromaalba,,Carboneras 1992,,,,,,,,,,,,,,,,,,
473,Pterodromaarminjoniana,,Marchant and Higgins 1990,,,,,,,,,,,,,,,,,,
473,Pterodromaarminjoniana,,Carboneras 1992,,,,,,,,,,,,,,,,,,
474,Pterodromaatrata,,Carboneras 1992,,,,,,,,,,,,,,,,,,
475,Pterodromaaxillaris,,Marchant and Higgins 1990,,,,,,,,,,,,,,,,,,
476,Pterodromabaraui,,Marchant and Higgins 1990,,,,,,,,,,,,,,,,,,
476,Pterodromabaraui,,Bretagnolle and Attie 1991,,,,,,,,,,,,,,,,,,
477,Pterodromabrevipes,,Carboneras 1992,,,,,,,,,,,,,,,,,,
478,Pterodromacahow,,Warham 1990,,,,,,,,,,,,,,,,,,
478,Pterodromacahow,,Carboneras 1992,,,,,,,,,,,,,,,,,,
479,Pterodromacaribbaea,,Carboneras 1992,,,,,,,,,,,,,,,,,,
480,Pterodromacervicalis,,Marchant and Higgins 1990,,,,,,,,,,,,,,,,,,
480,Pterodromacervicalis,,Hamer in press,,,,,,,,,,,,,,,,,,
481,Pterodromacookii,,Marchant and Higgins 1990,,,,,,,,,,,,,,,,,,
481,Pterodromacookii,,Rayner M pers. comm.,,,,,,,,,,,,,,,,,,
482,Pterodromadefilippiana,,Carboneras 1992,,,,,,,,,,,,,,,,,,
483,Pterodromadeserta,,None,,,,,,,,,,,,,,,,,,
484,Pterodromaexterna,,Marchant and Higgins 1990,,,,,,,,,,,,,,,,,,
484,Pterodromaexterna,,Carboneras 1992,,,,,,,,,,,,,,,,,,
485,Pterodromafeae,,Warham 1990,,,,,,,,,,,,,,,,,,
485,Pterodromafeae,,Carboneras 1992,,,,,,,,,,,,,,,,,,
486,Pterodromagouldi,,None,,,,,,,,,,,,,,,,,,
487,Pterodromahasitata,,Warham 1990,,,,,,,,,,,,,,,,,,
487,Pterodromahasitata,,Carboneras 1992,,,,,,,,,,,,,,,,,,
488,Pterodromaheraldica,,Marchant and Higgins 1990,,,,,,,,,,,,,,,,,,
488,Pterodromaheraldica,,Carboneras 1992,,,,,,,,,,,,,,,,,,
489,Pterodromahypoleuca,,Grant et al 1983,,,,,,,,,,,,,,,,,,
489,Pterodromahypoleuca,,Warham 1990,,,,,,,,,,,,,,,,,,
489,Pterodromahypoleuca,,Seto and O'Daniel 1999,,,,,,,,,,,,,,,,,,
489,Pterodromahypoleuca,,BBL,,,,,,,,,,,,,,,,,,
490,Pterodromaincerta,,Warham 1990,,,,,,,,,,,,,,,,,,
490,Pterodromaincerta,,Carboneras 1992,,,,,,,,,,,,,,,,,,
490,Pterodromaincerta,,Hamer in press,,,,,,,,,,,,,,,,,,
491,Pterodromainexpectata,,Croxall and Gaston 1988,,,,,,,,,,,,,,,,,,
491,Pterodromainexpectata,,Warham 1990,,,,,,,,,,,,,,,,,,
491,Pterodromainexpectata,,Warham 1996,,,,,,,,,,,,,,,,,,
491,Pterodromainexpectata,,Carboneras 1992,,,,,,,,,,,,,,,,,,
492,Pterodromalessonii,,Croxall and Gaston 1988,,,,,,,,,,,,,,,,,,
492,Pterodromalessonii,,Warham 1990,,,,,,,,,,,,,,,,,,
492,Pterodromalessonii,,Bried J. pers. comm.,,,,,,,,,,,,,,,,,,
493,Pterodromaleucoptera,,Marchant and Higgins 1990,,,,,,,,,,,,,,,,,,
494,Pterodromalongirostris,,Marchant and Higgins 1990,,,,,,,,,,,,,,,,,,
494,Pterodromalongirostris,,Carboneras 1992,,,,,,,,,,,,,,,,,,
495,Pterodromamacroptera,,Warham 1956,,,,,,,,,,,,,,,,,,
495,Pterodromamacroptera,,Croxall and Gaston 1988,,,,,,,,,,,,,,,,,,
495,Pterodromamacroptera,,Warham 1990,,,,,,,,,,,,,,,,,,
496,Pterodromamadeira,,Warham 1990,,,,,,,,,,,,,,,,,,
496,Pterodromamadeira,,Carboneras 1992,,,,,,,,,,,,,,,,,,
496,Pterodromamadeira,,Birdlife,,,,,,,,,,,,,,,,,,
497,Pterodromamagentae,,Marchant and Higgins 1990,,,,,,,,,,,,,,,,,,
497,Pterodromamagentae,,Warham 1990,,,,,,,,,,,,,,,,,,
497,Pterodromamagentae,,Carboneras 1992,,,,,,,,,,,,,,,,,,
497,Pterodromamagentae,,Johnston et al 2004,,,,,,,,,,,,,,,,,,
498,Pterodromamollis,,Croxall and Gaston 1988,,,,,,,,,,,,,,,,,,
498,Pterodromamollis,,Marchant and Higgins 1990,,,,,,,,,,,,,,,,,,
498,Pterodromamollis,,Warham 1990,,,,,,,,,,,,,,,,,,
499,Pterodromaneglecta,,Marchant and Higgins 1990,,,,,,,,,,,,,,,,,,
499,Pterodromaneglecta,,Warham 1990,,,,,,,,,,,,,,,,,,
500,Pterodromanigripennis,,Marchant and Higgins 1990,,,,,,,,,,,,,,,,,,
501,Pterodromaphaeopygia,,Warham 1990,,,,,,,,,,,,,,,,,,
501,Pterodromaphaeopygia,,Warham 1996,,,,,,,,,,,,,,,,,,
501,Pterodromaphaeopygia,,Carboneras 1992,,,,,,,,,,,,,,,,,,
501,Pterodromaphaeopygia,,Simons and Hodges 1998,,,,,,,,,,,,,,,,,,
502,Pterodromapycrofti,,Marchant and Higgins 1990,,,,,,,,,,,,,,,,,,
502,Pterodromapycrofti,,Carboneras 1992,,,,,,,,,,,,,,,,,,
503,Pterodromarupinarum,,None,,,,,,,,,,,,,,,,,,
504,Pterodromasandwichensis,,Simons 1984,,,,,,,,,,,,,,,,,,
504,Pterodromasandwichensis,,Simons 1985,,,,,,,,,,,,,,,,,,
504,Pterodromasandwichensis,,Simons and Hodges 1998,,,,,,,,,,,,,,,,,,
505,Pterodromasolandri,,Marchant and Higgins 1990,,,,,,,,,,,,,,,,,,
505,Pterodromasolandri,,Warham 1990,,,,,,,,,,,,,,,,,,
505,Pterodromasolandri,,Carboneras 1992,,,,,,,,,,,,,,,,,,
506,Pterodromaultima,,Warham 1990,,,,,,,,,,,,,,,,,,
506,Pterodromaultima,,Carboneras 1992,,,,,,,,,,,,,,,,,,
506,Pterodromaultima,,Hamer in press,,,,,,,,,,,,,,,,,,
507,Puffinusassimilis,,Marchant and Higgins 1990,,,,,,,,,,,,,,,,,,
507,Puffinusassimilis,,Carboneras 1992,,,,,,,,,,,,,,,,,,
508,Puffinusauricularis,,Jehl 1982,,,,,,,,,,,,,,,,,,
508,Puffinusauricularis,,Ainley et al 1997,,,,,,,,,,,,,,,,,,
509,Puffinusbailloni,,None,,,,,,,,,,,,,,,,,,
510,Puffinusbannermani,,None,,,,,,,,,,,,,,,,,, 
511,Puffinusbryani,,Pyle et al 2011,,,,,,,,,,,,,,,,,,
512,Puffinuselegans,,None,,,,,,,,,,,,,,,,,,
513,Puffinusgavia,,Marchant and Higgins 1990,,,,,,,,,,,,,,,,,,
513,Puffinusgavia,,Carboneras 1992,,,,,,,,,,,,,,,,,,
513,Puffinusgavia,,Keitt et al 2003,,,,,,,,,,,,,,,,,,
514,Puffinusheinrothi,,Warham 1990,,,,,,,,,,,,,,,,,,
514,Puffinusheinrothi,,Carboneras 1992,,,,,,,,,,,,,,,,,,
515,Puffinushuttoni,,Marchant and Higgins 1990,,,,,,,,,,,,,,,,,,
515,Puffinushuttoni,,Cuthbert and Davis 2002,,,,,,,,,,,,,,,,,,
516,Puffinuslherminieri,,Harris 1979b,,,,,,,,,,,,,,,,,,
516,Puffinuslherminieri,,Marchant and Higgins 1990,,,,,,,,,,,,,,,,,,
516,Puffinuslherminieri,,Carboneras 1992,,,,,,,,,,,,,,,,,,
517,Puffinusmauretanicus,,Carboneras 1992,,,,,,,,,,,,,,,,,,
518,Puffinusnativitatis,,Marchant and Higgins 1990,,,,,,,,,,,,,,,,,,
518,Puffinusnativitatis,,Warham 1990,,,,,,,,,,,,,,,,,,
518,Puffinusnativitatis,,Carboneras 1992,,,,,,,,,,,,,,,,,,
518,Puffinusnativitatis,,Seto et al 2001,,,,,,,,,,,,,,,,,,
519,Puffinusnewelli,,King and Gould 1967,,,,,,,,,,,,,,,,,,
519,Puffinusnewelli,,Ainley et al 1997,,,,,,,,,,,,,,,,,,
520,Puffinusopisthomelas,,Warham 1990,,,,,,,,,,,,,,,,,,
520,Puffinusopisthomelas,,Carboneras 1992,,,,,,,,,,,,,,,,,,
520,Puffinusopisthomelas,,Keitt et al 2003,,,,,,,,,,,,,,,,,,
521,Puffinuspersicus,,None,,,,,,,,,,,,,,,,,,
522,Puffinuspuffinus,,Harris 1966a,,,,,,,,,,,,,,,,,,
522,Puffinuspuffinus,,Harris 1966b,,,,,,,,,,,,,,,,,,
522,Puffinuspuffinus,,Brooke 1978,,,,,,,,,,,,,,,,,,
522,Puffinuspuffinus,,Croxall and Gaston 1988,,,,,,,,,,,,,,,,,,
522,Puffinuspuffinus,,Lee and Haney 1996,,,,,,,,,,,,,,,,,,
522,Puffinuspuffinus,,Hamer in press,,,,,,,,,,,,,,,,,,
522,Puffinuspuffinus,,BBL,,,,,,,,,,,,,,,,,,
522,Puffinuspuffinus,,BTO,,,,,,,,,,,,,,,,,,
522,Puffinuspuffinus,,Cuthbert and Davis 2002,,,,,,,,,,,,,,,,,,
522,Puffinuspuffinus,,Bryant and Furness 1995,,,,,,,,,,,,,,,,,,
523,Puffinussubalaris,,None,,,,,,,,,,,,,,,,,,
524,Puffinusyelkouan,,Carboneras 1992,,,,,,,,,,,,,,,,,,
524,Puffinusyelkouan,,Warham 1990,,,,,,,,,,,,,,,,,,
525,Thalassoicaantarctica,,Croxall and Gaston 1988,,,,,,,,,,,,,,,,,,
525,Thalassoicaantarctica,,Marchant and Higgins 1990,,,,,,,,,,,,,,,,,,
525,Thalassoicaantarctica,,Warham 1990,,,,,,,,,,,,,,,,,,
526,Cladorhynchusleucocephalus,,None,,,,,,,,,,,,,,,,,,
527,Himantopushimantopus,,None,,,,,,,,,,,,,,,,,,
528,Himantopusnovaezelandiae,,None,,,,,,,,,,,,,,,,,,
529,Recurvirostraamericana,,None,,,,,,,,,,,,,,,,,,
530,Recurvirostraandina,,None,,,,,,,,,,,,,,,,,,
531,Recurvirostraavosetta,,None,,,,,,,,,,,,,,,,,,
532,Recurvirostranovaehollandiae,,None,,,,,,,,,,,,,,,,,,
533,Nycticryphessemicollaris,,None,,,,,,,,,,,,,,,,,,
534,Rostratulaaustralis,,None,,,,,,,,,,,,,,,,,,
535,Rostratulabenghalensis,,None,,,,,,,,,,,,,,,,,,
536,Actitishypoleucos,,None,,,,,,,,,,,,,,,,,,
537,Actitismacularius,,None,,,,,,,,,,,,,,,,,,
538,Arenariainterpres,,None,,,,,,,,,,,,,,,,,,
539,Arenariamelanocephala,,None,,,,,,,,,,,,,,,,,,
540,Bartramialongicauda,,None,,,,,,,,,,,,,,,,,,
541,Calidrisacuminata,,None,,,,,,,,,,,,,,,,,,
542,Calidrisalba,,None,,,,,,,,,,,,,,,,,,
543,Calidrisalpina,,None,,,,,,,,,,,,,,,,,,
544,Calidrisbairdii,,None,,,,,,,,,,,,,,,,,,
545,Calidriscanutus,,None,,,,,,,,,,,,,,,,,,
546,Calidrisfalcinellus,,None,,,,,,,,,,,,,,,,,,
547,Calidrisferruginea,,None,,,,,,,,,,,,,,,,,,
548,Calidrisfuscicollis,,None,,,,,,,,,,,,,,,,,,
549,Calidrishimantopus,,None,,,,,,,,,,,,,,,,,,
550,Calidrismaritima,,None,,,,,,,,,,,,,,,,,,
551,Calidrismauri,,None,,,,,,,,,,,,,,,,,,
552,Calidrismelanotos,,None,,,,,,,,,,,,,,,,,,
553,Calidrisminuta,,None,,,,,,,,,,,,,,,,,,
554,Calidrisminutilla,,None,,,,,,,,,,,,,,,,,,
555,Calidrisptilocnemis,,None,,,,,,,,,,,,,,,,,,
556,Calidrispugnax,,None,,,,,,,,,,,,,,,,,,
557,Calidrispusilla,,None,,,,,,,,,,,,,,,,,,
558,Calidrispygmaea,,None,,,,,,,,,,,,,,,,,,
559,Calidrisruficollis,,None,,,,,,,,,,,,,,,,,,
560,Calidrissubminuta,,None,,,,,,,,,,,,,,,,,,
561,Calidrissubruficollis,,None,,,,,,,,,,,,,,,,,,
562,Calidristemminckii,,None,,,,,,,,,,,,,,,,,,
563,Calidristenuirostris,,None,,,,,,,,,,,,,,,,,,
564,Calidrisvirgata,,None,,,,,,,,,,,,,,,,,,
565,Coenocoryphaaucklandica,,None,,,,,,,,,,,,,,,,,,
566,Coenocoryphabarrierensis,,None,,,,,,,,,,,,,,,,,,
567,Coenocoryphahuegeli,,None,,,,,,,,,,,,,,,,,,
568,Coenocoryphairedalei,,None,,,,,,,,,,,,,,,,,,
569,Coenocoryphapusilla,,None,,,,,,,,,,,,,,,,,,
570,Gallinagoandina,,None,,,,,,,,,,,,,,,,,,
571,Gallinagodelicata,,None,,,,,,,,,,,,,,,,,,
572,Gallinagogallinago,,None,,,,,,,,,,,,,,,,,,
573,Gallinagohardwickii,,None,,,,,,,,,,,,,,,,,,
574,Gallinagoimperialis,,None,,,,,,,,,,,,,,,,,,
575,Gallinagojamesoni,,None,,,,,,,,,,,,,,,,,,
576,Gallinagomacrodactyla,,None,,,,,,,,,,,,,,,,,,
577,Gallinagomedia,,None,,,,,,,,,,,,,,,,,,
578,Gallinagomegala,,None,,,,,,,,,,,,,,,,,,
579,Gallinagonemoricola,,None,,,,,,,,,,,,,,,,,,
580,Gallinagonigripennis,,None,,,,,,,,,,,,,,,,,,
581,Gallinagonobilis,,None,,,,,,,,,,,,,,,,,,
582,Gallinagoparaguaiae,,None,,,,,,,,,,,,,,,,,,
583,Gallinagosolitaria,,None,,,,,,,,,,,,,,,,,,
584,Gallinagostenura,,None,,,,,,,,,,,,,,,,,,
585,Gallinagostricklandii,,None,,,,,,,,,,,,,,,,,,
586,Gallinagoundulata,,None,,,,,,,,,,,,,,,,,,
587,Limnodromusgriseus,,None,,,,,,,,,,,,,,,,,,
588,Limnodromusscolopaceus,,None,,,,,,,,,,,,,,,,,,
589,Limnodromussemipalmatus,,None,,,,,,,,,,,,,,,,,,
590,Limosafedoa,,None,,,,,,,,,,,,,,,,,,
591,Limosahaemastica,,None,,,,,,,,,,,,,,,,,,
592,Limosalapponica,,None,,,,,,,,,,,,,,,,,,
593,Limosalimosa,,None,,,,,,,,,,,,,,,,,,
594,Lymnocryptesminimus,,None,,,,,,,,,,,,,,,,,,
595,Numeniusamericanus,,None,,,,,,,,,,,,,,,,,,
596,Numeniusarquata,,None,,,,,,,,,,,,,,,,,,
597,Numeniusborealis,,None,,,,,,,,,,,,,,,,,,
598,Numeniusmadagascariensis,,None,,,,,,,,,,,,,,,,,,
599,Numeniusminutus,,None,,,,,,,,,,,,,,,,,,
600,Numeniusphaeopus,,None,,,,,,,,,,,,,,,,,,
601,Numeniustahitiensis,,None,,,,,,,,,,,,,,,,,,
602,Numeniustenuirostris,,None,,,,,,,,,,,,,,,,,,
603,Phalaropusfulicarius,,None,,,,,,,,,,,,,,,,,,
604,Phalaropuslobatus,,None,,,,,,,,,,,,,,,,,,
605,Prosoboniacancellata,,None,,,,,,,,,,,,,,,,,,
606,Prosoboniaellisi,,None,,,,,,,,,,,,,,,,,,
607,Prosobonialeucoptera,,None,,,,,,,,,,,,,,,,,,
608,Prosoboniaparvirostris,,None,,,,,,,,,,,,,,,,,,
609,Scolopaxbukidnonensis,,None,,,,,,,,,,,,,,,,,,
610,Scolopaxcelebensis,,None,,,,,,,,,,,,,,,,,,
611,Scolopaxminor,,None,,,,,,,,,,,,,,,,,,
612,Scolopaxmira,,None,,,,,,,,,,,,,,,,,,
613,Scolopaxrochussenii,,None,,,,,,,,,,,,,,,,,,
614,Scolopaxrosenbergii,,None,,,,,,,,,,,,,,,,,,
615,Scolopaxrusticola,,None,,,,,,,,,,,,,,,,,,
616,Scolopaxsaturata,,None,,,,,,,,,,,,,,,,,,
617,Steganopustricolor,,None,,,,,,,,,,,,,,,,,,
618,Tringabrevipes,,None,,,,,,,,,,,,,,,,,,
619,Tringaerythropus,,None,,,,,,,,,,,,,,,,,,
620,Tringaflavipes,,None,,,,,,,,,,,,,,,,,,
621,Tringaglareola,,None,,,,,,,,,,,,,,,,,,
622,Tringaguttifer,,None,,,,,,,,,,,,,,,,,,
623,Tringaincana,,None,,,,,,,,,,,,,,,,,,
624,Tringamelanoleuca,,None,,,,,,,,,,,,,,,,,,
625,Tringanebularia,,None,,,,,,,,,,,,,,,,,,
626,Tringaochropus,,None,,,,,,,,,,,,,,,,,,
627,Tringasemipalmata,,None,,,,,,,,,,,,,,,,,,
628,Tringasolitaria,,None,,,,,,,,,,,,,,,,,,
629,Tringastagnatilis,,None,,,,,,,,,,,,,,,,,,
630,Tringatotanus,,None,,,,,,,,,,,,,,,,,,
631,Xenuscinereus,,None,,,,,,,,,,,,,,,,,,
632,Scopusumbretta,,None,,,,,,,,,,,,,,,,,,
633,Aptenodytesforsteri,,Croxall and Gaston 1988,,,,,,,,,,,,,,,,,,
633,Aptenodytesforsteri,,Isenmann 1971,,,,,,,,,,,,,,,,,,
633,Aptenodytesforsteri,,Jouventin and Mougin 1981,,,,,,,,,,,,,,,,,,
633,Aptenodytesforsteri,,Croxall 1987,,,,,,,,,,,,,,,,,,
633,Aptenodytesforsteri,,Marchant and Higgins 1990,,,,,,,,,,,,,,,,,,
633,Aptenodytesforsteri,,Pyrovetsi 1989,,,,,,,,,,,,,,,,,,
633,Aptenodytesforsteri,,Hatziliacou 1992,,,,,,,,,,,,,,,,,,
633,Aptenodytesforsteri,,Carboneras 1992,,,,,,,,,,,,,,,,,,
633,Aptenodytesforsteri,,Johnsgard 1993,,,,,,,,,,,,,,,,,,
634,Aptenodytespatagonicus,,Stonehouse 1975,,,,,,,,,,,,,,,,,,
634,Aptenodytespatagonicus,,Croxall 1987,,,,,,,,,,,,,,,,,,
634,Aptenodytespatagonicus,,Barrat 1976,,,,,,,,,,,,,,,,,,
634,Aptenodytespatagonicus,,Nettleship and Hunt 1988,,,,,,,,,,,,,,,,,,
634,Aptenodytespatagonicus,,Marchant and Higgins 1990,,,,,,,,,,,,,,,,,,
634,Aptenodytespatagonicus,,Martinez 1992,,,,,,,,,,,,,,,,,,
634,Aptenodytespatagonicus,,Weimerskirch et al 1992,,,,,,,,,,,,,,,,,,
634,Aptenodytespatagonicus,,Schreiber 1976,,,,,,,,,,,,,,,,,,
634,Aptenodytespatagonicus,,Pennycuick 1983,,,,,,,,,,,,,,,,,,
634,Aptenodytespatagonicus,,Johnsgard 1993,,,,,,,,,,,,,,,,,,
635,Eudypteschrysocome,,Stonehouse 1975,,,,,,,,,,,,,,,,,,
635,Eudypteschrysocome,,Croxall and Gaston 1988,,,,,,,,,,,,,,,,,,
635,Eudypteschrysocome,,Marchant and Higgins 1990,,,,,,,,,,,,,,,,,,
635,Eudypteschrysocome,,Williams 1995,,,,,,,,,,,,,,,,,,
635,Eudypteschrysocome,,Nagulu 1984,,,,,,,,,,,,,,,,,,
635,Eudypteschrysocome,,Johnsgard 1993,,,,,,,,,,,,,,,,,,
636,Eudypteschrysolophus,,Croxall and Prince 1983,,,,,,,,,,,,,,,,,,
636,Eudypteschrysolophus,,Croxall and Gaston 1988,,,,,,,,,,,,,,,,,,
636,Eudypteschrysolophus,,Martinez 1992,,,,,,,,,,,,,,,,,,
636,Eudypteschrysolophus,,Williams 1995,,,,,,,,,,,,,,,,,,
636,Eudypteschrysolophus,,Green et al 2009,,,,,,,,,,,,,,,,,,
636,Eudypteschrysolophus,,Burke and Brown 1970,,,,,,,,,,,,,,,,,,
636,Eudypteschrysolophus,,Din and Eltringham 1974,,,,,,,,,,,,,,,,,,
636,Eudypteschrysolophus,,Johnsgard 1993,,,,,,,,,,,,,,,,,,
637,Eudyptesmoseleyi,,None,,,,,,,,,,,,,,,,,,
638,Eudyptespachyrhynchus,,Croxall and Gaston 1988,,,,,,,,,,,,,,,,,,
638,Eudyptespachyrhynchus,,Marchant and Higgins 1990,,,,,,,,,,,,,,,,,,
638,Eudyptespachyrhynchus,,Martinez 1992,,,,,,,,,,,,,,,,,,
638,Eudyptespachyrhynchus,,Williams 1995,,,,,,,,,,,,,,,,,,
639,Eudyptesrobustus,,Croxall and Gaston 1988,,,,,,,,,,,,,,,,,,
639,Eudyptesrobustus,,Marchant and Higgins 1990,,,,,,,,,,,,,,,,,,
639,Eudyptesrobustus,,Williams 1995,,,,,,,,,,,,,,,,,,
639,Eudyptesrobustus,,Stonehouse 1962,,,,,,,,,,,,,,,,,,
639,Eudyptesrobustus,,Harris 1979b,,,,,,,,,,,,,,,,,,
639,Eudyptesrobustus,,Orta 1992,,,,,,,,,,,,,,,,,,
640,Eudyptesschlegeli,,Marchant and Higgins 1990,,,,,,,,,,,,,,,,,,
640,Eudyptesschlegeli,,Williams 1995,,,,,,,,,,,,,,,,,,
641,Eudyptessclateri,,Stonehouse 1975,,,,,,,,,,,,,,,,,,
641,Eudyptessclateri,,Marchant and Higgins 1990,,,,,,,,,,,,,,,,,,
641,Eudyptessclateri,,Stonehouse 1962,,,,,,,,,,,,,,,,,,
641,Eudyptessclateri,,Marchant and Higgins 1990,,,,,,,,,,,,,,,,,,
641,Eudyptessclateri,,Lee and Walsh-McGehee 1998,,,,,,,,,,,,,,,,,,
641,Eudyptessclateri,,Ramos et al 2005,,,,,,,,,,,,,,,,,,
642,Eudyptulaminor,,Reilly and Balmford 1974,,,,,,,,,,,,,,,,,,
642,Eudyptulaminor,,Stonehouse 1975,,,,,,,,,,,,,,,,,,
642,Eudyptulaminor,,Croxall and Gaston 1988,,,,,,,,,,,,,,,,,,
642,Eudyptulaminor,,Williams 1995,,,,,,,,,,,,,,,,,,
642,Eudyptulaminor,,Sidhu et al 2007,,,,,,,,,,,,,,,,,,
643,Megadyptesantipodes,,Richdale 1957,,,,,,,,,,,,,,,,,,
643,Megadyptesantipodes,,Croxall and Gaston 1988,,,,,,,,,,,,,,,,,,
643,Megadyptesantipodes,,Marchant and Higgins 1990,,,,,,,,,,,,,,,,,,
643,Megadyptesantipodes,,Williams 1995,,,,,,,,,,,,,,,,,,
644,Pygoscelisadeliae,,Taylor 1962,,,,,,,,,,,,,,,,,,
644,Pygoscelisadeliae,,Reid 1968,,,,,,,,,,,,,,,,,,
644,Pygoscelisadeliae,,Croxall and Gaston 1988,,,,,,,,,,,,,,,,,,
644,Pygoscelisadeliae,,Nettleship and Hunt 1988,,,,,,,,,,,,,,,,,,
644,Pygoscelisadeliae,,Marchant and Higgins 1990,,,,,,,,,,,,,,,,,,
644,Pygoscelisadeliae,,Williams 1995,,,,,,,,,,,,,,,,,,
644,Pygoscelisadeliae,,Evans and Knopf 1993,,,,,,,,,,,,,,,,,,
644,Pygoscelisadeliae,,Johnsgard 1993,,,,,,,,,,,,,,,,,,
645,Pygoscelisantarcticus,,Croxall and Prince 1983,,,,,,,,,,,,,,,,,,
645,Pygoscelisantarcticus,,Croxall and Gaston 1988,,,,,,,,,,,,,,,,,,
645,Pygoscelisantarcticus,,Marchant and Higgins 1990,,,,,,,,,,,,,,,,,,
645,Pygoscelisantarcticus,,Reid 1968,,,,,,,,,,,,,,,,,,
646,Pygoscelispapua,,Croxall and Prince 1983,,,,,,,,,,,,,,,,,,
646,Pygoscelispapua,,Volkman and Trivelpiece 1980,,,,,,,,,,,,,,,,,,
646,Pygoscelispapua,,Marchant and Higgins 1990,,,,,,,,,,,,,,,,,,
646,Pygoscelispapua,,Croxall and Rothery 1995,,,,,,,,,,,,,,,,,,
646,Pygoscelispapua,,Williams 1995,,,,,,,,,,,,,,,,,,
647,Spheniscusdemersus,,Duffy 1987,,,,,,,,,,,,,,,,,,
647,Spheniscusdemersus,,Martinez 1992,,,,,,,,,,,,,,,,,,
647,Spheniscusdemersus,,Sagar and Warham 1993,,,,,,,,,,,,,,,,,,
647,Spheniscusdemersus,,Williams 1995,,,,,,,,,,,,,,,,,,
647,Spheniscusdemersus,,Underhill 1999,,,,,,,,,,,,,,,,,,
648,Spheniscushumboldti,,Martinez 1992,,,,,,,,,,,,,,,,,,
649,Spheniscusmagellanicus,,Marchant and Higgins 1990,,,,,,,,,,,,,,,,,,
649,Spheniscusmagellanicus,,Martinez 1992,,,,,,,,,,,,,,,,,,
649,Spheniscusmagellanicus,,Williams 1995,,,,,,,,,,,,,,,,,,
650,Spheniscusmendiculus,,Boersma 1976,,,,,,,,,,,,,,,,,,
650,Spheniscusmendiculus,,Martinez 1992,,,,,,,,,,,,,,,,,,
650,Spheniscusmendiculus,,Williams 1995,,,,,,,,,,,,,,,,,,
651,Catharactaantarctica,,Burger and Gochfeld 1996,,,,,,,,,,,,,,,,,,
651,Catharactaantarctica,,Olsen and Larsson 1997,,,,,,,,,,,,,,,,,,
652,Catharactachilensis,,Burger and Gochfeld 1996,,,,,,,,,,,,,,,,,,
652,Catharactachilensis,,Olsen and Larsson 1997,,,,,,,,,,,,,,,,,,
653,Catharactamaccormicki,,Wood 1971,,,,,,,,,,,,,,,,,,
653,Catharactamaccormicki,,Ainley et al 1990,,,,,,,,,,,,,,,,,,
653,Catharactamaccormicki,,Burger and Gochfeld 1996,,,,,,,,,,,,,,,,,,
653,Catharactamaccormicki,,Olsen and Larsson 1997,,,,,,,,,,,,,,,,,,
654,Catharactaskua,,Furness 1987,,,,,,,,,,,,,,,,,,
654,Catharactaskua,,Olsen and Larsson 1997,,,,,,,,,,,,,,,,,,
654,Catharactaskua,,Ratcliffe et al 2002,,,,,,,,,,,,,,,,,,
654,Catharactaskua,,Bryant and Furness 1995,,,,,,,,,,,,,,,,,,
655,Stercorariuslongicaudus,,Olsen and Larsson 1997,,,,,,,,,,,,,,,,,,
655,Stercorariuslongicaudus,,BBL,,,,,,,,,,,,,,,,,,
656,Stercorariusparasiticus,,O'Donald 1983,,,,,,,,,,,,,,,,,,
656,Stercorariusparasiticus,,Furness 1987,,,,,,,,,,,,,,,,,,
656,Stercorariusparasiticus,,Furness 1993,,,,,,,,,,,,,,,,,,
656,Stercorariusparasiticus,,Olsen and Larsson 1997,,,,,,,,,,,,,,,,,,
656,Stercorariusparasiticus,,Wiley and Lee 1999,,,,,,,,,,,,,,,,,,
656,Stercorariusparasiticus,,Bryant and Furness 1995,,,,,,,,,,,,,,,,,,
656,Stercorariusparasiticus,,Phillips and Furness 1998,,,,,,,,,,,,,,,,,,
657,Stercorariuspomarinus,,Furness 1987,,,,,,,,,,,,,,,,,,
657,Stercorariuspomarinus,,Olsen and Larsson 1997,,,,,,,,,,,,,,,,,,
657,Stercorariuspomarinus,,Wiley and Lee 2000,,,,,,,,,,,,,,,,,,
658,Morusbassanus,,Nelson 1978,,,,,,,,,,,,,,,,,,
658,Morusbassanus,,Harris 1979b,,,,,,,,,,,,,,,,,,
658,Morusbassanus,,Montevecchi et al 1984,,,,,,,,,,,,,,,,,,
658,Morusbassanus,,Bryant and Furness 1995,,,,,,,,,,,,,,,,,,
659,Moruscapensis,,Nelson 1978,,,,,,,,,,,,,,,,,,
659,Moruscapensis,,Marchant and Higgins 1990,,,,,,,,,,,,,,,,,,
660,Morusserrator,,Nelson 1978,,,,,,,,,,,,,,,,,,
660,Morusserrator,,Hamer K. pers. comm.,,,,,,,,,,,,,,,,,,
661,Papasulaabbotti,,Nelson 1978,,,,,,,,,,,,,,,,,,
661,Papasulaabbotti,,Marchant and Higgins 1990,,,,,,,,,,,,,,,,,,
662,Suladactylatra,,Dorward 1962,,,,,,,,,,,,,,,,,,
662,Suladactylatra,,Woodward 1972,,,,,,,,,,,,,,,,,,
662,Suladactylatra,,Nelson 1978,,,,,,,,,,,,,,,,,,
662,Suladactylatra,,Burger 1980,,,,,,,,,,,,,,,,,,
662,Suladactylatra,,Marchant and Higgins 1990,,,,,,,,,,,,,,,,,,
662,Suladactylatra,,Anderson 1993,,,,,,,,,,,,,,,,,,
663,Sulagranti,,Nelson 1978,,,,,,,,,,,,,,,,,,
663,Sulagranti,,Harris 1979b,,,,,,,,,,,,,,,,,,
664,Sulaleucogaster,,Dorward 1962,,,,,,,,,,,,,,,,,,
664,Sulaleucogaster,,Nelson 1978,,,,,,,,,,,,,,,,,,
664,Sulaleucogaster,,Marchant and Higgins 1990,,,,,,,,,,,,,,,,,,
664,Sulaleucogaster,,Schreiber E.A. unpubl.,,,,,,,,,,,,,,,,,,
664,Sulaleucogaster,,BBL,,,,,,,,,,,,,,,,,,
664,Sulaleucogaster,,Beadell et al 2003,,,,,,,,,,,,,,,,,,
664,Sulaleucogaster,,Dorward 1962,,,,,,,,,,,,,,,,,,
664,Sulaleucogaster,,Ospina-Alvarez 2014,,,,,,,,,,,,,,,,,,
665,Sulanebouxii,,Nelson 1978,,,,,,,,,,,,,,,,,,
666,Sulasula,,Nelson 1978,,,,,,,,,,,,,,,,,,
666,Sulasula,,Marchant and Higgins 1990,,,,,,,,,,,,,,,,,,
666,Sulasula,,Schreiber et al 1996,,,,,,,,,,,,,,,,,,
667,Sulavariegata,,Nelson 1978,,,,,,,,,,,,,,,,,,
668,Attagisgayi,,None,,,,,,,,,,,,,,,,,,
669,Attagismalouinus,,None,,,,,,,,,,,,,,,,,,
670,Thinocorusorbignyianus,,None,,,,,,,,,,,,,,,,,,
671,Thinocorusrumicivorus,,None,,,,,,,,,,,,,,,,,,
672,Bostrychiabocagei,,None,,,,,,,,,,,,,,,,,,
673,Bostrychiacarunculata,,None,,,,,,,,,,,,,,,,,,
674,Bostrychiahagedash,,None,,,,,,,,,,,,,,,,,,
675,Bostrychiaolivacea,,None,,,,,,,,,,,,,,,,,,
676,Bostrychiarara,,None,,,,,,,,,,,,,,,,,,
677,Cercibisoxycerca,,None,,,,,,,,,,,,,,,,,,
678,Eudocimusalbus,,None,,,,,,,,,,,,,,,,,,
679,Eudocimusruber,,None,,,,,,,,,,,,,,,,,,
680,Geronticuscalvus,,None,,,,,,,,,,,,,,,,,,
681,Geronticuseremita,,None,,,,,,,,,,,,,,,,,,
682,Lophotibiscristata,,None,,,,,,,,,,,,,,,,,,
683,Mesembrinibiscayennensis,,None,,,,,,,,,,,,,,,,,,
684,Nipponianippon,,None,,,,,,,,,,,,,,,,,,
685,Phimosusinfuscatus,,None,,,,,,,,,,,,,,,,,,
686,Plataleaajaja,,None,,,,,,,,,,,,,,,,,,
687,Plataleaalba,,None,,,,,,,,,,,,,,,,,,
688,Plataleaflavipes,,None,,,,,,,,,,,,,,,,,,
689,Platalealeucorodia,,None,,,,,,,,,,,,,,,,,,
690,Plataleaminor,,None,,,,,,,,,,,,,,,,,,
691,Platalearegia,,None,,,,,,,,,,,,,,,,,,
692,Plegadischihi,,None,,,,,,,,,,,,,,,,,,
693,Plegadisfalcinellus,,None,,,,,,,,,,,,,,,,,,
694,Plegadisridgwayi,,None,,,,,,,,,,,,,,,,,,
695,Pseudibisdavisoni,,None,,,,,,,,,,,,,,,,,,
696,Pseudibispapillosa,,None,,,,,,,,,,,,,,,,,,
697,Thaumatibisgigantea,,None,,,,,,,,,,,,,,,,,,
698,Theristicusbranickii,,None,,,,,,,,,,,,,,,,,,
699,Theristicuscaerulescens,,None,,,,,,,,,,,,,,,,,,
700,Theristicuscaudatus,,None,,,,,,,,,,,,,,,,,,
701,Theristicusmelanopis,,None,,,,,,,,,,,,,,,,,,
702,Threskiornisaethiopicus,,None,,,,,,,,,,,,,,,,,,
703,Threskiornisbernieri,,None,,,,,,,,,,,,,,,,,,
704,Threskiornismelanocephalus,,None,,,,,,,,,,,,,,,,,,
705,Threskiornismoluccus,,None,,,,,,,,,,,,,,,,,,
706,Threskiornissolitarius,,None,,,,,,,,,,,,,,,,,,
707,Threskiornisspinicollis,,None,,,,,,,,,,,,,,,,,,
708,Ortyxelosmeiffrenii,,None,,,,,,,,,,,,,,,,,,
709,Turnixcastanotus,,None,,,,,,,,,,,,,,,,,,
710,Turnixeveretti,,None,,,,,,,,,,,,,,,,,,
711,Turnixhottentottus,,None,,,,,,,,,,,,,,,,,,
712,Turnixmaculosus,,None,,,,,,,,,,,,,,,,,,
713,Turnixmelanogaster,,None,,,,,,,,,,,,,,,,,,
714,Turnixnanus,,None,,,,,,,,,,,,,,,,,,
715,Turnixnigricollis,,None,,,,,,,,,,,,,,,,,,
716,Turnixnovaecaledoniae,,None,,,,,,,,,,,,,,,,,,
717,Turnixocellatus,,None,,,,,,,,,,,,,,,,,,
718,Turnixolivii,,None,,,,,,,,,,,,,,,,,,
719,Turnixpyrrhothorax,,None,,,,,,,,,,,,,,,,,,
720,Turnixsuscitator,,None,,,,,,,,,,,,,,,,,,
721,Turnixsylvaticus,,None,,,,,,,,,,,,,,,,,,
722,Turnixtanki,,None,,,,,,,,,,,,,,,,,,
723,Turnixvarius,,None,,,,,,,,,,,,,,,,,,
724,Turnixvelox,,None,,,,,,,,,,,,,,,,,,
725,Turnixworcesteri,,None,,,,,,,,,,,,,,,,,,
