species_id,common_name_1,common_name_2,common_name_3,common_name_4,common_name_5
Aethia cristatella,Crested Auklet,,,,
Aethia psittacula,Parakeet Auklet,,,,
Aethia pusilla,Least Auklet,,,,
Aethia pygmaea,Whiskered Auklet,,,,
Alca torda,Razorbill,,,,
Alle alle,Dovekie,Little Auk,,,
Brachyramphus brevirostris,Kittlitz's Murrelet,,,,
Brachyramphus marmoratus,Marbled Murrelet,,,,
Brachyramphus perdix,Long-billed Murrelet,,,,
Cepphus carbo,Spectacled Guillemot,,,,
Cepphus columba,Pigeon Guillemot,,,,
Cepphus grylle,Black Guillemot,,,,
Cerorhinca monocerata,Rhinoceros Auklet,,,,
Fratercula arctica,Atlantic Puffin,,,,
Fratercula cirrhata,Tufted Puffin,,,,
Fratercula corniculata,Horned Puffin,,,,
Pinguinus impennis,Great Auk,,,,
Ptychoramphus aleuticus,Cassin's Auklet,,,,
Synthliboramphus antiquus,Ancient Murrelet,,,,
Synthliboramphus craveri,Craveri's Murrelet,,,,
Synthliboramphus hypoleucus,Guadalupe Murrelet,,,,
Synthliboramphus scrippsi,Scripps's Murrelet,,,,
Synthliboramphus wumizusume,Japanese Murrelet,Crested Murrelet,,,
Uria aalge,Common Murre,Guillemot,,,
Uria lomvia,Thick-billed Murre,Brunnich's Guillemot,,,
Anhinga anhinga,Anhinga,,,,
Anhinga melanogaster,Oriental Darter,,,,
Anhinga novaehollandiae,Australasian Darter,,,,
Anhinga rufa,African Darter,Darter,,,
Agamia agami,Agami Heron,,,,
Ardea alba,Great White Egret,Great White Heron,,,
Ardea brachyrhyncha,Yellow-billed Egret,,,,
Ardea cinerea,Grey Heron,,,,
Ardea cocoi,Cocoi Heron,,,,
Ardea goliath,Goliath Heron,,,,
Ardea herodias,Great Blue Heron,,,,
Ardea humbloti,Madagascar Heron,Humblot's Heron,,,
Ardea insignis,White-bellied Heron,Imperial Heron,,,
Ardea intermedia,Intermediate Egret,,,,
Ardea melanocephala,Black-headed Heron,,,,
Ardea pacifica,White-necked Heron,Pacific Heron,,,
Ardea plumifera,Plumed Egret,,,,
Ardea purpurea,Purple Heron,,,,
Ardea sumatrana,Great-billed Heron,,,,
Ardeola bacchus,Chinese Pond-heron,,,,
Ardeola grayii,Indian Pond-heron,,,,
Ardeola idae,Madagascar Pond-heron,Madagascar Squacco Heron,,,
Ardeola ralloides,Squacco Heron,Common Squacco Heron,,,
Ardeola rufiventris,Rufous-bellied Heron,,,,
Ardeola speciosa,Javan Pond-heron,,,,
Botaurus lentiginosus,American Bittern,,,,
Botaurus pinnatus,Pinnated Bittern,,,,
Botaurus poiciloptilus,Australasian Bittern,,,,
Botaurus stellaris,Eurasian Bittern,Common Bittern,Bittern,,
Bubulcus ibis,Cattle Egret,,,,
Butorides striata,Green-backed Heron,,,,
Calherodius leuconotus,White-backed Night-heron,,,,
Cochlearius cochlearius,Boat-billed Heron,,,,
Egretta ardesiaca,Black Heron,Black Egret,,,
Egretta caerulea,Little Blue Heron,,,,
Egretta eulophotes,Chinese Egret,,,,
Egretta garzetta,Little Egret,,,,
Egretta gularis,Western Reef-egret,Reef Heron,,,
Egretta novaehollandiae,White-faced Heron,,,,
Egretta picata,Pied Heron,,,,
Egretta rufescens,Reddish Egret,,,,
Egretta sacra,Pacific Reef-egret,Eastern Reef Egret,Pacific Reef Heron,Reef Heron,
Egretta thula,Snowy Egret,,,,
Egretta tricolor,Tricolored Heron,,,,
Egretta vinaceigula,Slaty Egret,,,,
Gorsachius goisagi,Japanese Night-heron,,,,
Gorsachius magnificus,White-eared Night-heron,,,,
Gorsachius melanolophus,Malayan Night-heron,,,,
Ixobrychus cinnamomeus,Cinnamon Bittern,,,,
Ixobrychus dubius,Australian Little Bittern,,,,
Ixobrychus eurhythmus,Schrenck's Bittern,Schrenck's Little Bittern,Von Schrenck's Bittern,,
Ixobrychus exilis,Least Bittern,,,,
Ixobrychus flavicollis,Black Bittern,,,,
Ixobrychus involucris,Stripe-backed Bittern,,,,
Ixobrychus minutus,Common Little Bittern,Little Bittern,,,
Ixobrychus novaezelandiae,New Zealand Little Bittern,New Zealand Bittern,,,
Ixobrychus sinensis,Yellow Bittern,,,,
Ixobrychus sturmii,Dwarf Bittern,,,,
Nyctanassa carcinocatactes,Bermuda Night-heron,,,,
Nyctanassa violacea,Yellow-crowned Night-heron,,,,
Nycticorax caledonicus,Rufous Night-heron,Nankeen Night-heron,,,
Nycticorax duboisi,Reunion Night-heron,,,,
Nycticorax mauritianus,Mauritius Night-heron,,,,
Nycticorax megacephalus,Rodrigues Night-heron,,,,
Nycticorax nycticorax,Black-crowned Night-heron,Night-heron,,,
Pilherodius pileatus,Capped Heron,,,,
Syrigma sibilatrix,Whistling Heron,,,,
Tigriornis leucolopha,White-crested Tiger-heron,White-crested Bittern,,,
Tigrisoma fasciatum,Fasciated Tiger-heron,,,,
Tigrisoma lineatum,Rufescent Tiger-heron,,,,
Tigrisoma mexicanum,Bare-throated Tiger-heron,,,,
Zebrilus undulatus,Zigzag Heron,,,,
Zonerodius heliosylus,Forest Bittern,,,,
Balaeniceps rex,Shoebill,Whale-headed Stork,,,
Burhinus bistriatus,Double-striped Thick-knee,,,,
Burhinus capensis,Spotted Thick-knee,Spotted Dikkop,,,
Burhinus grallarius,Bush Thick-knee,Bush Stone-curlew,,,
Burhinus indicus,Indian Thick-knee,,,,
Burhinus oedicnemus,Eurasian Thick-knee,Stone Curlew,,,
Burhinus senegalensis,Senegal Thick-knee,,,,
Burhinus superciliaris,Peruvian Thick-knee,,,,
Burhinus vermiculatus,Water Thick-knee,Water Dikkop,,,
Esacus magnirostris,Beach Thick-knee,Beach Stone-curlew,,,
Esacus recurvirostris,Great Thick-knee,Great Stone-curlew,,,
Anarhynchus frontalis,Wrybill,,,,
Charadrius alexandrinus,Kentish Plover,Snowy Plover,,,
Charadrius alticola,Puna Plover,,,,
Charadrius aquilonius,Northern Red-breasted Plover,,,,
Charadrius asiaticus,Caspian Plover,,,,
Charadrius bicinctus,Double-banded Plover,Banded Dotterel,,,
Charadrius bifrontatus,Madagascar Three-banded Plover,,,,
Charadrius collaris,Collared Plover,,,,
Charadrius dealbatus,White-faced Plover,,,,
Charadrius dubius,Little Ringed Plover,,,,
Charadrius falklandicus,Two-banded Plover,,,,
Charadrius forbesi,Forbes's Plover,,,,
Charadrius hiaticula,Common Ringed Plover,Ringed Plover,,,
Charadrius javanicus,Javan Plover,,,,
Charadrius leschenaultii,Greater Sandplover,Large Sand Dotterel,,,
Charadrius marginatus,White-fronted Plover,,,,
Charadrius melodus,Piping Plover,,,,
Charadrius modestus,Rufous-chested Plover,Rufous-chested Dotterel,,,
Charadrius mongolus,Lesser Sandplover,Mongolian Dotterel,Mongolian Plover,,
Charadrius montanus,Mountain Plover,,,,
Charadrius nivosus,Snowy Plover,,,,
Charadrius obscurus,Southern Red-breasted Plover,,,,
Charadrius pallidus,Chestnut-banded Plover,,,,
Charadrius pecuarius,Kittlitz's Plover,,,,
Charadrius peronii,Malay Plover,,,,
Charadrius placidus,Long-billed Plover,,,,
Charadrius ruficapillus,Red-capped Plover,Red-capped Dotterel,,,
Charadrius sanctaehelenae,St Helena Plover,Wirebird,,,
Charadrius semipalmatus,Semipalmated Plover,,,,
Charadrius thoracicus,Black-banded Plover,,,,
Charadrius tricollaris,African Three-banded Plover,Three-banded Plover,,,
Charadrius veredus,Oriental Plover,Oriental Dotterel,,,
Charadrius vociferus,Killdeer,,,,
Charadrius wilsonia,Wilson's Plover,,,,
Elseyornis melanops,Black-fronted Dotterel,,,,
Erythrogonys cinctus,Red-kneed Dotterel,,,,
Eudromias morinellus,Eurasian Dotterel,Dotterel,,,
Hoploxypterus cayanus,Pied Lapwing,,,,
Oreopholus ruficollis,Tawny-throated Dotterel,,,,
Peltohyas australis,Inland Dotterel,Inland Plover,,,
Phegornis mitchellii,Diademed Plover,Diademed Sandpiper-Plover,,,
Pluvialis apricaria,Eurasian Golden Plover,European Golden Plover,Golden Plover,,
Pluvialis dominica,American Golden Plover,Lesser Golden Plover,,,
Pluvialis fulva,Pacific Golden Plover,,,,
Pluvialis squatarola,Grey Plover,Black-bellied Plover,,,
Thinornis cucullatus,Hooded Plover,Hooded Dotterel,,,
Thinornis novaeseelandiae,Shore Plover,Shore Dotterel,,,
Vanellus albiceps,White-headed Lapwing,White-crowned Lapwing,White-crowned Plover,,
Vanellus armatus,Blacksmith Lapwing,Blacksmith Plover,,,
Vanellus chilensis,Southern Lapwing,,,,
Vanellus cinereus,Grey-headed Lapwing,,,,
Vanellus coronatus,Crowned Lapwing,Crowned Plover,,,
Vanellus crassirostris,Long-toed Lapwing,Long-toed Plover,,,
Vanellus duvaucelii,River Lapwing,,,,
Vanellus gregarius,Sociable Lapwing,Sociable Plover,,,
Vanellus indicus,Red-wattled Lapwing,Red-wattled Plover,,,
Vanellus leucurus,White-tailed Lapwing,White-tailed Plover,,,
Vanellus lugubris,Senegal Lapwing,Lesser Black-winged Plover,,,
Vanellus macropterus,Javan Lapwing,Javanese Lapwing,Sunda Plover,,
Vanellus malarbaricus,Yellow-wattled Lapwing,,,,
Vanellus melanocephalus,Spot-breasted Lapwing,Spot-breasted Plover,,,
Vanellus melanopterus,Black-winged Lapwing,Black-winged Plover,,,
Vanellus miles,Masked Lapwing,Masked Plover,,,
Vanellus novaehollandiae,Black-shouldered Lapwing,,,,
Vanellus resplendens,Andean Lapwing,,,,
Vanellus senegallus,Wattled Lapwing,African Wattled Lapwing,Senegal Wattled Plover,,
Vanellus spinosus,Spur-winged Lapwing,Spur-winged Plover,,,
Vanellus superciliosus,Brown-chested Lapwing,Brown-chested Wattled Plover,,,
Vanellus tectus,Black-headed Lapwing,Blackhead Plover,Black-headed Plover,,
Vanellus tricolor,Banded Lapwing,,,,
Vanellus vanellus,Northern Lapwing,Lapwing,,,
Chionis albus,Snowy Sheathbill,American Sheathbill,,,
Chionis minor,Black-faced Sheathbill,,,,
Diomedea amsterdamensis,Amsterdam Albatross,Amsterdam Island Albatross,,,
Diomedea antipodensis,Antipodean Albatross,,,,
Diomedea dabbenena,Tristan Albatross,,,,
Diomedea epomophora,Southern Royal Albatross,Royal Albatross,,,
Diomedea exulans,Wandering Albatross,,,,
Diomedea sanfordi,Northern Royal Albatross,,,,
Phoebastria albatrus,Short-tailed Albatross,,,,
Phoebastria immutabilis,Laysan Albatross,,,,
Phoebastria irrorata,Waved Albatross,,,,
Phoebastria nigripes,Black-footed Albatross,,,,
Phoebetria fusca,Sooty Albatross,Dark-mantled Sooty Albatross,,,
Phoebetria palpebrata,Light-mantled Albatross,Light-mantled Sooty Albatross,,,
Thalassarche bulleri,Buller's Albatross,Buller's Mollymawk,,,
Thalassarche carteri,Indian Yellow-nosed Albatross,,,,
Thalassarche cauta,Shy Albatross,,,,
Thalassarche chlororhynchos,Atlantic Yellow-nosed Albatross,Yellow-nosed Albatross,,,
Thalassarche chrysostoma,Grey-headed Albatross,Grey-headed Mollymawk,,,
Thalassarche eremita,Chatham Albatross,,,,
Thalassarche impavida,Campbell Albatross,,,,
Thalassarche melanophris,Black-browed Albatross,,,,
Thalassarche salvini,Salvin's Albatross,,,,
Thalassarche steadi,White-capped Albatross,,,,
Dromas ardeola,Crab-plover ,,,,
Fregata andrewsi,Christmas Frigatebird,Andrews' Frigatebird,,,
Fregata aquila,Ascension Frigatebird,Ascension Is. Frigatebird,,,
Fregata ariel,Lesser Frigatebird,,,,
Fregata magnificens,Magnificent Frigatebird,,,,
Fregata minor,Great Frigatebird,,,,
Cursorius coromandelicus,Indian Courser,,,,
Cursorius cursor,Cream-coloured Courser,,,,
Cursorius rufus,Burchell's Courser,,,,
Cursorius somalensis,Somali Courser,,,,
Cursorius temminckii,Temminck's Courser,,,,
Glareola cinerea,Grey Pratincole,,,,
Glareola lactea,Little Pratincole,,,,
Glareola maldivarum,Oriental Pratincole,,,,
Glareola nordmanni,Black-winged Pratincole,,,,
Glareola nuchalis,Rock Pratincole,,,,
Glareola ocularis,Madagascar Pratincole,,,,
Glareola pratincola,Collared Pratincole,,,,
Rhinoptilus bitorquatus,Jerdon's Courser,,,,
Rhinoptilus chalcopterus,Bronze-winged Courser,,,,
Rhinoptilus cinctus,Three-banded Courser,,,,
Smutsornis africanus,Double-banded Courser,,,,
Stiltia isabella,Australian Pratincole,,,,
Haematopus ater,Blackish Oystercatcher,,,,
Haematopus chathamensis,Chatham Oystercatcher,Chatham Islands Oystercatcher,Chatham Island Pied Oystercatcher,,
Haematopus fuliginosus,Sooty Oystercatcher,,,,
Haematopus leucopodus,Magellanic Oystercatcher,,,,
Haematopus longirostris,Pied Oystercatcher,Australian Pied Oystercatcher,,,
Haematopus meadewaldoi,Canarian Oystercatcher,Canarian Black Oystercatcher,,,
Haematopus moquini,African Oystercatcher,African Black Oystercatcher,,,
Haematopus ostralegus,Eurasian Oystercatcher,Pied Oystercatcher,,,
Haematopus palliatus,American Oystercatcher,,,,
Haematopus unicolor,Variable Oystercatcher,,,,
Hydrobates castro,Band-rumped Storm-petrel,Madeiran Storm-petrel,,,
Hydrobates furcatus,Fork-tailed Storm-petrel,,,,
Hydrobates homochroa,Ashy Storm-petrel,,,,
Hydrobates hornbyi,Ringed Storm-petrel,Hornby's Storm-petrel,,,
Hydrobates leucorhous,Leach's Storm-petrel,Leach's Petrel,,,
Hydrobates macrodactylus,Guadalupe Storm-petrel,,,,
Hydrobates markhami,Markham's Storm-petrel,,,,
Hydrobates matsudairae,Matsudaira's Storm-petrel,,,,
Hydrobates melania,Black Storm-petrel,,,,
Hydrobates microsoma,Least Storm-petrel,,,,
Hydrobates monorhis,Swinhoe's Storm-petrel,,,,
Hydrobates monteiroi,Monteiro's Storm-petrel ,,,,
Hydrobates pelagicus,European Storm-petrel,British Storm-petrel,,,
Hydrobates tethys,Wedge-rumped Storm-petrel,,,,
Hydrobates tristrami,Tristram's Storm-petrel,,,,
Ibidorhyncha struthersii,Ibisbill,,,,
Actophilornis africanus,African Jacana,,,,
Actophilornis albinucha,Madagascar Jacana,,,,
Hydrophasianus chirurgus,Pheasant-tailed Jacana,,,,
Irediparra gallinacea,Comb-crested Jacana,,,,
Jacana jacana,Wattled Jacana,,,,
Jacana spinosa,Northern Jacana,,,,
Metopidius indicus,Bronze-winged Jacana,,,,
Microparra capensis,Lesser Jacana,,,,
Anous minutus,Black Noddy,,,,
Anous stolidus,Brown Noddy,Common Noddy,,,
Anous tenuirostris,Lesser Noddy,Sooty Noddy,,,
Chlidonias albostriatus,Black-fronted Tern,,,,
Chlidonias hybrida,Whiskered Tern,,,,
Chlidonias leucopterus,White-winged Tern,White-winged Black Tern,,,
Chlidonias niger,Black Tern,,,,
Creagrus furcatus,Swallow-tailed Gull,,,,
Gelochelidon macrotarsa,Australian Gull-billed Tern,,,,
Gelochelidon nilotica,Common Gull-billed Tern,,,,
Gygis alba,Common White Tern,Fairy Tern,Angel Tern,White Tern,
Gygis microrhyncha,Little White Tern,,,,
Hydrocoloeus minutus,Little Gull,,,,
Hydroprogne caspia,Caspian Tern,,,,
Larosterna inca,Inca Tern,,,,
Larus argentatus,European Herring Gull,,,,
Larus armenicus,Armenian Gull,,,,
Larus atlanticus,Olrog's Gull,,,,
Larus atricilla,Laughing Gull,,,,
Larus audouinii,Audouin's Gull,,,,
Larus belcheri,Belcher's Gull,,,,
Larus brunnicephalus,Brown-headed Gull,,,,
Larus bulleri,Black-billed Gull,,,,
Larus cachinnans,Caspian Gull,,,,
Larus californicus,California Gull,,,,
Larus canus,Mew Gull,Common Gull,,,
Larus cirrocephalus,Grey-headed Gull,Grey-hooded Gull,,,
Larus crassirostris,Black-tailed Gull,,,,
Larus delawarensis,Ring-billed Gull,,,,
Larus dominicanus,Kelp Gull,Southern Black-backed Gull,,,
Larus fuliginosus,Lava Gull,,,,
Larus fuscus,Lesser Black-backed Gull,,,,
Larus genei,Slender-billed Gull,,,,
Larus glaucescens,Glaucous-winged Gull,,,,
Larus glaucoides,Iceland Gull,,,,
Larus hartlaubii,Hartlaub's Gull,,,,
Larus heermanni,Heermann's Gull,,,,
Larus hemprichii,Sooty Gull,Hemprich's Gull,,,
Larus hyperboreus,Glaucous Gull,,,,
Larus ichthyaetus,Pallas's Gull,Great Black-headed Gull,,,
Larus leucophthalmus,White-eyed Gull,,,,
Larus livens,Yellow-footed Gull,,,,
Larus maculipennis,Brown-hooded Gull,,,,
Larus marinus,Great Black-backed Gull,Greater Black-backed Gull,,,
Larus melanocephalus,Mediterranean Gull,,,,
Larus michahellis,Yellow-legged Gull,,,,
Larus modestus,Grey Gull,,,,
Larus novaehollandiae,Silver Gull,,,,
Larus occidentalis,Western Gull,,,,
Larus pacificus,Pacific Gull,,,,
Larus philadelphia,Bonaparte's Gull,,,,
Larus pipixcan,Franklin's Gull,,,,
Larus relictus,Relict Gull,,,,
Larus ridibundus,Black-headed Gull,Common Black-headed Gull,,,
Larus schistisagus,Slaty-backed Gull,,,,
Larus scopulinus,Red-billed Gull,,,,
Larus scoresbii,Dolphin Gull,,,,
Larus serranus,Andean Gull,,,,
Larus smithsonianus,Arctic Herring Gull,American Herring Gull,,,
Larus thayeri,Thayer's Gull,,,,
Onychoprion aleuticus,Aleutian Tern,,,,
Onychoprion anaethetus,Bridled Tern,,,,
Onychoprion fuscatus,Sooty Tern,,,,
Onychoprion lunatus,Grey-backed Tern,Spectacled Tern,,,
Pagophila eburnea,Ivory Gull,,,,
Phaetusa simplex,Large-billed Tern,,,,
Procelsterna albivitta,Grey Noddy,,,,
Procelsterna cerulea,Blue Noddy,,,,
Rhodostethia rosea,Ross's Gull,,,,
Rissa brevirostris,Red-legged Kittiwake,,,,
Rissa tridactyla,Black-legged Kittiwake,Kittiwake,,,
Rynchops albicollis,Indian Skimmer,,,,
Rynchops flavirostris,African Skimmer,,,,
Rynchops niger,Black Skimmer,,,,
Saundersilarus saundersi,Saunders's Gull,Chinese Black-headed Gull,,,
Sterna acuticauda,Black-bellied Tern,,,,
Sterna aurantia,River Tern,,,,
Sterna dougallii,Roseate Tern,,,,
Sterna forsteri,Forster's Tern,,,,
Sterna hirundinacea,South American Tern,,,,
Sterna hirundo,Common Tern,,,,
Sterna paradisaea,Arctic Tern,,,,
Sterna repressa,White-cheeked Tern,,,,
Sterna striata,White-fronted Tern,,,,
Sterna sumatrana,Black-naped Tern,,,,
Sterna trudeaui,Snowy-crowned Tern,Trudeau's Tern,,,
Sterna virgata,Kerguelen Tern,,,,
Sterna vittata,Antarctic Tern,,,,
Sternula albifrons,Little Tern,,,,
Sternula antillarum,Least Tern,,,,
Sternula balaenarum,Damara Tern,,,,
Sternula lorata,Peruvian Tern,,,,
Sternula nereis,Fairy Tern,,,,
Sternula saundersi,Saunders's Tern,Saunders' Little Tern,,,
Sternula superciliaris,Yellow-billed Tern,,,,
Thalasseus bengalensis,Lesser Crested Tern,,,,
Thalasseus bergii,Greater Crested Tern,Crested Tern,Swift Tern,,
Thalasseus bernsteini,Chinese Crested Tern,,,,
Thalasseus elegans,Elegant Tern,,,,
Thalasseus maximus,Royal Tern,,,,
Thalasseus sandvicensis acuflavida,Sandwich Tern,,,,
Thalasseus sandvicensis eurygnatha,Cayenne Tern,,,,
Xema sabini,Sabine's Gull,,,,
Fregetta grallaria,White-bellied Storm-petrel,,,,
Fregetta maoriana,New Zealand Storm-petrel ,,,,
Fregetta tropica,Black-bellied Storm-petrel,,,,
Garrodia nereis,Grey-backed Storm-petrel,,,,
Nesofregetta fuliginosa,Polynesian Storm-petrel,White-throated Storm Petrel,,,
Oceanites gracilis,White-vented Storm-petrel,Elliot's Storm-Petrel,,,
Oceanites gracilis galapagoensis,Galapagos White-vented Storm-petrel,Galapagos Elliot's Storm-Petrel,,,
Oceanites oceanicus,Wilson's Storm-petrel,,,,
Oceanites oceanicus chilensis,Fuegian Wilson's Storm-petrel,,,,
Oceanites oceanicus exasperatus,Signey South Orkney Wilson's Storm-petrel,,,,
Oceanites oceanicus oceanicus,Crozet Wilson's Storm-petrel,,,,
Oceanites pincoyae,Pincoya Storm-petrel,,,,
Pelagodroma marina,White-faced Storm-petrel,,,,
Pedionomus torquatus,Plains-wanderer,,,,
Pelecanus conspicillatus,Australian Pelican,,,,
Pelecanus crispus,Dalmatian Pelican,,,,
Pelecanus erythrorhynchos,American White Pelican,,,,
Pelecanus occidentalis,Brown Pelican,,,,
Pelecanus onocrotalus,Great White Pelican,White Pelican,,,
Pelecanus philippensis,Spot-billed Pelican,Grey Pelican,,,
Pelecanus rufescens,Pink-backed Pelican,,,,
Pelecanus thagus,Peruvian Pelican,,,,
Phaethon aethereus,Red-billed Tropicbird,,,,
Phaethon lepturus,White-tailed Tropicbird,,,,
Phaethon rubricauda,Red-tailed Tropicbird,,,,
Microcarbo africanus,Long-tailed Cormorant,,,,
Microcarbo coronatus,Crowned Cormorant,,,,
Microcarbo melanoleucos,Little Pied Cormorant,Little Shag,,,
Microcarbo niger,Little Cormorant,,,,
Microcarbo pygmaeus,Pygmy Cormorant,,,,
Phalacrocorax bransfieldensis,Antarctic shag,,,,
Phalacrocorax georgianus,South Georgia shag,,,,
Phalacrocorax aristotelis,European Shag,Shag,,,
Phalacrocorax atriceps,Imperial Shag,,,,
Phalacrocorax auritus,Double-crested Cormorant,,,,
Phalacrocorax bougainvilliorum,Guanay Cormorant,,,,
Phalacrocorax brasilianus,Neotropical Cormorant,,,,
Phalacrocorax campbelli,Campbell Shag,,,,
Phalacrocorax capensis,Cape Cormorant,,,,
Phalacrocorax capillatus,Japanese Cormorant,,,,
Phalacrocorax carbo,Great Cormorant,Black shag,Cormorant,White-breasted Cormorant,
Phalacrocorax carunculatus,New Zealand king shag,Rough-faced shag,,,
Phalacrocorax chalconotus,Stewart Island shag,Bronze shag,Stewart shag,,
Phalacrocorax colensoi,Auckland Island shag,Auckland Shag,,,
Phalacrocorax featherstoni,Pitt Island shag,Pitt Shag,,,
Phalacrocorax fuscescens,Black-faced Cormorant,,,,
Phalacrocorax fuscicollis,Indian Cormorant,,,,
Phalacrocorax gaimardi,Red-legged Cormorant,,,,
Phalacrocorax harrisi,Flightless Cormorant,Galapagos Cormorant,,,
Phalacrocorax magellanicus,Rock Shag,Magellan Cormorant,,,
Phalacrocorax neglectus,Bank Cormorant,,,,
Phalacrocorax nigrogularis,Socotra Cormorant,,,,
Phalacrocorax onslowi, Chatham Island Shag,Chatham shag,,,
Phalacrocorax pelagicus,Pelagic Cormorant,Resplendent cormorant,Baird's cormorant,Pelagic shag,Kenyon's Shag
Phalacrocorax penicillatus,Brandt's Cormorant,Townsend's Cormorant,Pencilled Cormorant,Brown Cormorant,Tufted Cormorant
Phalacrocorax perspicillatus,Spectacled Cormorant,,,,
Phalacrocorax punctatus,Spotted Shag,,,,
Phalacrocorax ranfurlyi, Bounty Island Shag,Bounty Shag,,,
Phalacrocorax sulcirostris,Little Black Cormorant,Little Black Shag,,,
Phalacrocorax urile,Red-faced Cormorant,,,,
Phalacrocorax varius,Great Pied Cormorant,Pied Cormorant,Australian Pied Cormorant,Pied Shag,
Phalacrocorax verrucosus,Kerguelen Shag,,,,
Pluvianellus socialis,Magellanic Plover,,,,
Pluvianus aegyptius,Egyptian Plover,Crocodile-bird,,,
Aphrodroma brevirostris,Kerguelen Petrel,,,,
Ardenna bulleri,Buller's Shearwater,,,,
Ardenna carneipes,Flesh-footed Shearwater,,,,
Ardenna creatopus,Pink-footed Shearwater,,,,
Ardenna gravis,Great Shearwater,Greater Shearwater,,,
Ardenna grisea,Sooty Shearwater,,,,
Ardenna pacifica,Wedge-tailed Shearwater,,,,
Ardenna tenuirostris,Short-tailed Shearwater,,,,
Bulweria bifax,Small St Helena Petrel,St. Helena Bulwer's Petrel,,,
Bulweria bulwerii,Bulwer's Petrel,,,,
Bulweria fallax,Jouanin's Petrel,,,,
Calonectris borealis,Cory's Shearwater,,,,
Calonectris diomedea,Scopoli's Shearwater,,,,
Calonectris edwardsii,Cape Verde Shearwater,,,,
Calonectris leucomelas,Streaked Shearwater,,,,
Daption capense,Cape Petrel,Pintado Petrel,Cape Pigeon,,
Fulmarus glacialis,Northern Fulmar,Fulmar,,,
Fulmarus glacialoides,Southern Fulmar,Antarctic Fulmar,,,
Halobaena caerulea,Blue Petrel,,,,
Macronectes giganteus,Southern Giant Petrel,Antarctic Giant-Petrel,,,
Macronectes halli,Northern Giant Petrel,Hall's Giant-Petrel,,,
Pachyptila belcheri,Slender-billed Prion,Slender-billed Prion,,,
Pachyptila crassirostris,Fulmar Prion,,,,
Pachyptila desolata,Antarctic Prion,Dove Prion,,,
Pachyptila salvini,Salvin's Prion,,,,
Pachyptila turtur,Fairy Prion,,,,
Pachyptila vittata,Broad-billed Prion,,,,
Pagodroma nivea,Snow Petrel,,,,
Pelecanoides garnotii,Peruvian Diving-petrel,,,,
Pelecanoides georgicus,South Georgia Diving-petrel,,,,
Pelecanoides magellani,Magellanic Diving-petrel,,,,
Pelecanoides urinatrix,Common Diving-petrel,,,,
Pelecanoides urinatrix exsul,Kerguelen Common Diving-petrel,,,,
Procellaria aequinoctialis,White-chinned Petrel,,,,
Procellaria cinerea,Grey Petrel,Pediunker,Grey Shearwater,,
Procellaria conspicillata,Spectacled Petrel,,,,
Procellaria parkinsoni,Black Petrel,Black (Parkinson's) Petrel,,,
Procellaria westlandica,Westland Petrel,Westland Black Petrel,,,
Pseudobulweria aterrima,Mascarene Petrel,Reunion Petrel,,,
Pseudobulweria becki,Beck's Petrel,,,,
Pseudobulweria macgillivrayi,Fiji Petrel,MacGillivray's Petrel,,,
Pseudobulweria rostrata,Tahiti Petrel,,,,
Pterdroma occulta,Vanuatu Petrel,,,,
Pterodroma alba,Phoenix Petrel,,,,
Pterodroma arminjoniana,Trindade Petrel,Herald Petrel,,,
Pterodroma atrata,Henderson Petrel,,,,
Pterodroma axillaris,Chatham Petrel,Chatham Islands Petrel,,,
Pterodroma baraui,Barau's Petrel,,,,
Pterodroma brevipes,Collared Petrel,,,,
Pterodroma cahow,Bermuda Petrel,Cahow,,,
Pterodroma caribbaea,Jamaican Petrel,,,,
Pterodroma cervicalis,White-necked Petrel,White-naped Petrel,,,
Pterodroma cookii,Cook's Petrel,,,,
Pterodroma defilippiana,Masatierra Petrel,Defilippi's Petrel,,,
Pterodroma deserta,Desertas Petrel,,,,
Pterodroma externa,Juan Fernandez Petrel,,,,
Pterodroma feae,Cape Verde Petrel,,,,
Pterodroma gouldi,Grey-faced Petrel,,,,
Pterodroma hasitata,Black-capped Petrel,,,,
Pterodroma heraldica,Herald Petrel,,,,
Pterodroma hypoleuca,Bonin Petrel,,,,
Pterodroma incerta,Atlantic Petrel,,,,
Pterodroma inexpectata,Mottled Petrel,,,,
Pterodroma lessonii,White-headed Petrel,,,,
Pterodroma leucoptera,White-winged Petrel,Collared Petrel,,,
Pterodroma longirostris,Stejneger's Petrel,,,,
Pterodroma macroptera,Great-winged Petrel,,,,
Pterodroma madeira,Zino's Petrel,Freira,Madeira Petrel,,
Pterodroma magentae,Magenta Petrel,Chatham Island Taiko,,,
Pterodroma mollis,Soft-plumaged Petrel,,,,
Pterodroma neglecta,Kermadec Petrel,,,,
Pterodroma nigripennis,Black-winged Petrel,,,,
Pterodroma phaeopygia,Galapagos Petrel,Dark-rumped Petrel,,,
Pterodroma pycrofti,Pycroft's Petrel,,,,
Pterodroma rupinarum,Large St Helena Petrel,St Helena Gadfly Petrel,,,
Pterodroma sandwichensis,Hawaiian Petrel,,,,
Pterodroma solandri,Providence Petrel,,,,
Pterodroma ultima,Murphy's Petrel,,,,
Puffinus assimilis,Little Shearwater,,,,
Puffinus auricularis,Townsend's Shearwater,,,,
Puffinus bailloni,Tropical Shearwater,,,,
Puffinus bannermani,Bannerman's Shearwater,,,,
Puffinus bryani,Bryan's Shearwater,,,,
Puffinus elegans,Subantarctic Shearwater,,,,
Puffinus gavia,Fluttering Shearwater,,,,
Puffinus heinrothi,Heinroth's Shearwater,,,,
Puffinus huttoni,Hutton's Shearwater,,,,
Puffinus lherminieri,Audubon's Shearwater,,,,
Puffinus mauretanicus,Balearic Shearwater,,,,
Puffinus nativitatis,Christmas Shearwater,,,,
Puffinus newelli,Newell's Shearwater,,,,
Puffinus opisthomelas,Black-vented Shearwater,,,,
Puffinus persicus,Persian Shearwater,,,,
Puffinus puffinus,Manx Shearwater,,,,
Puffinus subalaris,Galapagos Shearwater,,,,
Puffinus yelkouan,Yelkouan Shearwater,,,,
Thalassoica antarctica,Antarctic Petrel,,,,
Cladorhynchus leucocephalus,Banded Stilt,,,,
Himantopus himantopus,Black-winged Stilt,,,,
Himantopus novaezelandiae,Black Stilt,,,,
Recurvirostra americana,American Avocet,,,,
Recurvirostra andina,Andean Avocet,,,,
Recurvirostra avosetta,Pied Avocet,Avocet,,,
Recurvirostra novaehollandiae,Red-necked Avocet,Australian Red-necked Avocet,,,
Nycticryphes semicollaris,South American Painted-snipe,American Painted-snipe,,,
Rostratula australis,Australian Painted-snipe,,,,
Rostratula benghalensis,Greater Painted-snipe,Painted Snipe,,,
Actitis hypoleucos,Common Sandpiper,,,,
Actitis macularius,Spotted Sandpiper,,,,
Arenaria interpres,Ruddy Turnstone,Turnstone,,,
Arenaria melanocephala,Black Turnstone,,,,
Bartramia longicauda,Upland Sandpiper,,,,
Calidris acuminata,Sharp-tailed Sandpiper,,,,
Calidris alba,Sanderling,,,,
Calidris alpina,Dunlin,,,,
Calidris bairdii,Baird's Sandpiper,,,,
Calidris canutus,Red Knot,Knot,Lesser Knot,,
Calidris falcinellus,Broad-billed Sandpiper,,,,
Calidris ferruginea,Curlew Sandpiper,,,,
Calidris fuscicollis,White-rumped Sandpiper,,,,
Calidris himantopus,Stilt Sandpiper,,,,
Calidris maritima,Purple Sandpiper,,,,
Calidris mauri,Western Sandpiper,,,,
Calidris melanotos,Pectoral Sandpiper,,,,
Calidris minuta,Little Stint,,,,
Calidris minutilla,Least Sandpiper,,,,
Calidris ptilocnemis,Rock Sandpiper,,,,
Calidris pugnax,Ruff,,,,
Calidris pusilla,Semipalmated Sandpiper,,,,
Calidris pygmaea,Spoon-billed Sandpiper,Spoonbill Sandpiper,,,
Calidris ruficollis,Red-necked Stint,Rufous-necked Stint,,,
Calidris subminuta,Long-toed Stint,,,,
Calidris subruficollis,Buff-breasted Sandpiper,,,,
Calidris temminckii,Temminck's Stint,,,,
Calidris tenuirostris,Great Knot,,,,
Calidris virgata,Surfbird,,,,
Coenocorypha aucklandica,Auckland Snipe,New Zealand Snipe,Subantarctic Snipe,,
Coenocorypha barrierensis,North Island Snipe,,,,
Coenocorypha huegeli,Snares Snipe,,,,
Coenocorypha iredalei,South Island Snipe,,,,
Coenocorypha pusilla,Chatham Snipe,Chatham Islands Snipe,,,
Gallinago andina,Puna Snipe,,,,
Gallinago delicata,Wilson's Snipe,,,,
Gallinago gallinago,Common Snipe,,,,
Gallinago hardwickii,Latham's Snipe,Japanese Snipe,,,
Gallinago imperialis,Imperial Snipe,,,,
Gallinago jamesoni,Andean Snipe,,,,
Gallinago macrodactyla,Madagascar Snipe,,,,
Gallinago media,Great Snipe,,,,
Gallinago megala,Swinhoe's Snipe,,,,
Gallinago nemoricola,Wood Snipe,,,,
Gallinago nigripennis,African Snipe,Ethiopian Snipe,,,
Gallinago nobilis,Noble Snipe,,,,
Gallinago paraguaiae,South American Snipe,,,,
Gallinago solitaria,Solitary Snipe,,,,
Gallinago stenura,Pintail Snipe,Pin-tailed Snipe,,,
Gallinago stricklandii,Fuegian Snipe,,,,
Gallinago undulata,Giant Snipe,,,,
Limnodromus griseus,Short-billed Dowitcher,,,,
Limnodromus scolopaceus,Long-billed Dowitcher,,,,
Limnodromus semipalmatus,Asian Dowitcher,Asiatic Dowitcher,,,
Limosa fedoa,Marbled Godwit,,,,
Limosa haemastica,Hudsonian Godwit,,,,
Limosa lapponica,Bar-tailed Godwit,,,,
Limosa limosa,Black-tailed Godwit,,,,
Lymnocryptes minimus,Jack Snipe,,,,
Numenius americanus,Long-billed Curlew,,,,
Numenius arquata,Eurasian Curlew,Curlew,,,
Numenius borealis,Eskimo Curlew,,,,
Numenius madagascariensis,Far Eastern Curlew,Eastern Curlew,,,
Numenius minutus,Little Curlew,Little Whimbrel,,,
Numenius phaeopus,Whimbrel,,,,
Numenius tahitiensis,Bristle-thighed Curlew,,,,
Numenius tenuirostris,Slender-billed Curlew,,,,
Phalaropus fulicarius,Red Phalarope,Grey Phalarope,Grey (Red) Phalarope,,
Phalaropus lobatus,Red-necked Phalarope,,,,
Prosobonia cancellata,Christmas Sandpiper,,,,
Prosobonia ellisi,Moorea Sandpiper,,,,
Prosobonia leucoptera,Tahiti Sandpiper,,,,
Prosobonia parvirostris,Tuamotu Sandpiper,,,,
Scolopax bukidnonensis,Bukidnon Woodcock,,,,
Scolopax celebensis,Sulawesi Woodcock,,,,
Scolopax minor,American Woodcock,,,,
Scolopax mira,Amami Woodcock,,,,
Scolopax rochussenii,Moluccan Woodcock,Obi Woodcock,,,
Scolopax rosenbergii,New Guinea Woodcock,,,,
Scolopax rusticola,Eurasian Woodcock,Woodcock,,,
Scolopax saturata,Javan Woodcock,,,,
Steganopus tricolor,Wilson's Phalarope,,,,
Tringa brevipes,Grey-tailed Tattler,Siberian (Grey-tailed) Tattler,,,
Tringa erythropus,Spotted Redshank,,,,
Tringa flavipes,Lesser Yellowlegs,,,,
Tringa glareola,Wood Sandpiper,,,,
Tringa guttifer,Spotted Greenshank,Nordmann's Greenshank,Nordmann's Greenshank,,
Tringa incana,Wandering Tattler,Wandering (Alaskan) Tattler,,,
Tringa melanoleuca,Greater Yellowlegs,,,,
Tringa nebularia,Common Greenshank,Greenshank,,,
Tringa ochropus,Green Sandpiper,,,,
Tringa semipalmata,Willet,,,,
Tringa solitaria,Solitary Sandpiper,,,,
Tringa stagnatilis,Marsh Sandpiper,,,,
Tringa totanus,Common Redshank,Redshank,,,
Xenus cinereus,Terek Sandpiper,,,,
Scopus umbretta,Hamerkop,,,,
Aptenodytes forsteri,Emperor Penguin,,,,
Aptenodytes patagonicus,King Penguin,,,,
Eudyptes chrysocome,Southern Rockhopper Penguin,Rockhopper Penguin,,,
Eudyptes chrysolophus,Macaroni Penguin,,,,
Eudyptes moseleyi,Northern Rockhopper Penguin,,,,
Eudyptes pachyrhynchus,Fiordland Penguin,Fiordland Crested Penguin,,,
Eudyptes robustus,Snares Penguin,Snares Islands Penguin,Snares Crested Penguin,,
Eudyptes schlegeli,Royal Penguin,,,,
Eudyptes sclateri,Erect-crested Penguin,Big-crested Penguin,,,
Eudyptula minor,Little Penguin,Fairy Penguin,Blue Penguin,,
Megadyptes antipodes,Yellow-eyed Penguin,,,,
Pygoscelis adeliae,Adelie Penguin,,,,
Pygoscelis antarcticus,Chinstrap Penguin,,,,
Pygoscelis papua,Gentoo Penguin,,,,
Spheniscus demersus,African Penguin,Jackass Penguin,Black-footed Penguin,,
Spheniscus humboldti,Humboldt Penguin,Peruvian Penguin,,,
Spheniscus magellanicus,Magellanic Penguin,,,,
Spheniscus mendiculus,Galapagos Penguin,,,,
Catharacta antarctica,Brown Skua,,,,
Catharacta chilensis,Chilean Skua,,,,
Catharacta maccormicki,South Polar Skua,,,,
Catharacta skua,Great Skua,,,,
Stercorarius longicaudus,Long-tailed Jaeger,Long-tailed Skua,,,
Stercorarius parasiticus,Arctic Jaeger,Arctic Skua,,,
Stercorarius pomarinus,Pomarine Jaeger,Pomarine Skua,,,
Morus bassanus,Northern Gannet,Gannet,,,
Morus capensis,Cape Gannet,,,,
Morus serrator,Australasian Gannet,Australian Gannet,,,
Papasula abbotti,Abbott's Booby,,,,
Sula dactylatra,Masked Booby,,,,
Sula granti,Nazca Booby,,,,
Sula leucogaster,Brown Booby,,,,
Sula nebouxii,Blue-footed Booby,,,,
Sula sula,Red-footed Booby,,,,
Sula variegata,Peruvian Booby,,,,
Attagis gayi,Rufous-bellied Seedsnipe,,,,
Attagis malouinus,White-bellied Seedsnipe,,,,
Thinocorus orbignyianus,Grey-breasted Seedsnipe,,,,
Thinocorus rumicivorus,Least Seedsnipe,,,,
Bostrychia bocagei,Dwarf Ibis,Sao Tome Ibis,,,
Bostrychia carunculata,Wattled Ibis,,,,
Bostrychia hagedash,Hadada Ibis,Hadada,,,
Bostrychia olivacea,Olive Ibis,,,,
Bostrychia rara,Spot-breasted Ibis,,,,
Cercibis oxycerca,Sharp-tailed Ibis,,,,
Eudocimus albus,White Ibis,American White Ibis,,,
Eudocimus ruber,Scarlet Ibis,,,,
Geronticus calvus,Southern Bald Ibis,Bald Ibis,,,
Geronticus eremita,Northern Bald Ibis,Waldrapp,Bald Ibis,Hermit Ibis,
Lophotibis cristata,Madagascar Crested Ibis,White-winged Ibis,Madagascar Ibis,,
Mesembrinibis cayennensis,Green Ibis,,,,
Nipponia nippon,Asian Crested Ibis,Japanese Crested Ibis,Crested Ibis,,
Phimosus infuscatus,Bare-faced Ibis,Whispering Ibis,,,
Platalea ajaja,Roseate Spoonbill,,,,
Platalea alba,African Spoonbill,,,,
Platalea flavipes,Yellow-billed Spoonbill,,,,
Platalea leucorodia,Eurasian Spoonbill,Spoonbill,European Spoonbill,,
Platalea minor,Black-faced Spoonbill,,,,
Platalea regia,Royal Spoonbill,,,,
Plegadis chihi,White-faced Ibis,,,,
Plegadis falcinellus,Glossy Ibis,,,,
Plegadis ridgwayi,Puna Ibis,,,,
Pseudibis davisoni,White-shouldered Ibis,Black Ibis,,,
Pseudibis papillosa,Red-naped Ibis,,,,
Thaumatibis gigantea,Giant Ibis,,,,
Theristicus branickii,Andean Ibis,,,,
Theristicus caerulescens,Plumbeous Ibis,,,,
Theristicus caudatus,Buff-necked Ibis,,,,
Theristicus melanopis,Black-faced Ibis,,,,
Threskiornis aethiopicus,African Sacred Ibis,Sacred Ibis,,,
Threskiornis bernieri,Madagascar Sacred Ibis,,,,
Threskiornis melanocephalus,Black-headed Ibis,,,,
Threskiornis moluccus,Australian Ibis,Australian White Ibis,White Ibis,,
Threskiornis solitarius,Reunion Ibis,Reunion Flightless Ibis,Reunion Solitaire,,
Threskiornis spinicollis,Straw-necked Ibis,,,,
Ortyxelos meiffrenii,Quail-plover,,,,
Turnix castanotus,Chestnut-backed Buttonquail,Chestnut-backed Button-quail,,,
Turnix everetti,Sumba Buttonquail,,,,
Turnix hottentottus,Hottentot Buttonquail,Black-rumped Buttonquail,,,
Turnix maculosus,Red-backed Buttonquail,,,,
Turnix melanogaster,Black-breasted Buttonquail,,,,
Turnix nanus,Black-rumped Buttonquail,,,,
Turnix nigricollis,Madagascar Buttonquail,,,,
Turnix novaecaledoniae,New Caledonian Buttonquail,,,,
Turnix ocellatus,Spotted Buttonquail,,,,
Turnix olivii,Buff-breasted Buttonquail,,,,
Turnix pyrrhothorax,Red-chested Buttonquail,,,,
Turnix suscitator,Barred Buttonquail,,,,
Turnix sylvaticus,Common Buttonquail,Kurrichane Buttonquail,Andalusian Hemipode,,
Turnix tanki,Yellow-legged Buttonquail,,,,
Turnix varius,Painted Buttonquail,,,,
Turnix velox,Little Buttonquail,,,,
Turnix worcesteri,Luzon Buttonquail,Worcester's Buttonquail,,,
