cite_id,citation_name,citation
citation1,Ainley 1995,"AINLEY, D. G. 1995. Ashy Storm-Petrel (Oceanodroma homochroa). No. 185 in The Birds of North America (A. Pool and F. Gill, eds.). The Academy of Natural Sciences, Philadelphia, and The American Ornithologists’ Washington, D.C."
citation2,Ainley et al 1974,"AINLEY, D. G., S. H. MORRELL AND T. J. LEWIS. 1974. Patterns in the life histories of Storm-Petrels on the Farallon Islands. Living Bird 13:295-312."
citation3,Ainley et al 1990,"AINLEY, D. G., R. P. HENDERSON AND C. S. STRONG. 1990. Leach’s Storm-Petrel and Ashy Storm-Petrel. Pp. 128-162 in Seabirds of the Farallon Islands: ecology, dynamics, and structure of an upwelling-system community (D. G. Ainley and R. J. Boekelheide, eds.). Stanford Univ. Press, Stanford, CA."
citation4,Ainley et al 1997,"AINLEY, D. G., T. C. TELFER AND M. H. REYNOLDS. 1997. Newell’s and Townsend’s Shearwater (Puffinus auricularis). No. 297 in The Birds of North America (A. Poole and F. Gill, eds.). The Academy of Natural Sciences, Philadelphia, PA, and The American Ornithologists’ Union, Washington, D.C."
citation5,Altwegg et al 2007,"ALTWEGG, R., R. J. M. CRAWFORD, L. G. UNDERHILL, A. P. MARTIN AND P. A. WHITTINGTON. 2007. Geographic variation in reproduction and survival of kelp gulls Larus dominicanus vetula in sourthern Africa. Journal of Avian Biology 38: 580-586."
citation6,Amerson and Shelton 1976,"AMERSON, A. B., Jr. AND P. C. SHELTON. 1976. The natural history of Johnston Atoll, central Pacific Ocean. Atoll Research Bulletin. 192: 1-479."
citation7,Anderson 1993,"ANDERSON, D. J. 1993. Masked Booby (Sula dactylatra). No. 73 in The Birds of North America, (A. Poole and F. Gill, eds.). The Academy of Natural Sciences; Washington, D.C.: The American Ornithologists’ Union."
citation8,Ashcroft 1979,"ASHCROFT, R. E. 1979. Survival rates and breeding biology of Puffins on Skomer Island, Wales. Ornis Scandinavica 10: 100-110."
citation9,Austin and Austin 1956,"AUSTIN, O. L., AND AUSTIN, O. L., Jr. 1956. Some demographic aspects of the Cape Cod population of Common Terns (Sterna hirundo). Bird-Banding 27, 55-66."
citation10,Baird 1986,"BAIRD, P. H. 1986. Arctic and Aleutian Terns. Pp. 349-380 in The breeding biology and feeding ecology of marine birds in the Gulf of Alaska (P. H. Baird and P. J. Gould eds.). Environmental Assessment of the Alaska Continental Shelf, Final Report,  Vol. 45, Juneau, AK."
citation11,Baird 1994,"BAIRD, P. H. 1994. Black-legged Kittiwake (Rissa tridactyla). No.92 in The Birds of  North America, (A. Poole and F. Gill, eds.). Philadelphia: The Academy of Natural Sciences; Washington, D.C.: The American Ornithologists’ Union."
citation12,Bakaria et al 2002,"BAKARIA, F., H. RIZI, N ZIANE, Y. CHABI AND J. BANBURA. 2002. Breeding ecology of Whiskered Terns  in Algeria, North Africa. Waterbirds 25: 56-62."
citation13,Barbraud et al 2014,"BARBRAUD, C., A. BOOTH, G. A. TAYLOR, AND S. M. WAUGH. 2014. Survivorship in flesh-footed shearwaters Puffinus carneipes. Marine Ornithology 42: 91-97."
citation14,Barlow and Dowding 2002,"BARLOW, M. L., AND J. E. DOWDING. 2002. Breeding biology of Caspian terns (Sterna caspia) at a colony near Invercargill, New Zealand. Notornis 49: 76-90.  "
citation15,Barrat 1976,"BARRAT, A. 1976. Quelques aspects de la biologie et de l’&#233;cologie du Manchot Royal (Aptenodytes patagonica) des L'isles Crozet. Com. Nat. Fran&#231;ais Rech. Antarct. 40: 9-52."
citation16,BBL,"BIRD BANDING LABORATORY. Patuxent Wildlife Research Center, U.S. Geological Survey."
citation17,Beadell et al 2003,"BEADELL, J. S., E. A. SCHREIBER, R. W. SCHREIBER, G. A. SCHENK, P. F. DOHERTY, JR. 2003. Survival of Brown Boobies (Sula leucogaster) at Johnston Atoll: a long-term study. Auk 120: 811-817. "
citation18,Beck and Brown 1972,"BECK, J. R., AND D. W. BROWN. 1972. The biology of Wilson’s storm petrel, Oceanites oceanicus (Kuhl), at Signy Island, South Orkney Islands. Scientific reports of the British Antarctic Survey, no. 69."
citation19,Beissinger 1995,"BEISSINGER, S.R. 1995. Population trends of the Marbled Murrelet projected from demographic analyses. In: Ecology and Conservation of the Marbled Murrelet. Ralph, C.J., Hunt Jr., G.L., Raphael, M.G. & Piatt, J.F. (Eds.). USDA Forest Service General Technical Report PSW-GTR-152. pp. 385-393."
citation20,Bellose 1983,"BELLOSE, C. A. 1983. The breeding biology and ecology of a small mainland colony of Western Gulls. Master’s thesis, California State Univ., San Jose."
citation21,Bent 1921,"BENT, A. C. 1921. Life histories of North American gulls and terns. U.S. National Museum Bulletin 113."
citation22,Birdlife,Birdlife International Fact sheets
citation23,Boekelheide and Ainley 1989,"BOEKELHEIDE, R. J., AND D. G. AINLEY. 1989. Age, resource availability, and breeding effort in Brandt’s Cormorant. Auk 106: 389-401."
citation24,Boekelheide et al 1990,"BOEKELHEIDE, R. J., D. G. AINLEY, S. H. MORRELL AND T. J. LEWIS. 1990. "
citation25,Boersma 1976,"BOERSMA, P.D. 1976. An ecological and behavioral study of the Galapagos Penguin. Living Bird 15: 43-93."
citation26,Bolton et al 2008,"BOLTON, M., A.L. SMITH, E. G&#211;MEZ-D&#205;AZ, V.L. FRIESEN, R. MEDEROS, J. BRIED, J.L. ROSCALES, AND R.W. FURNESS. 2008. Montero's Storm-petrel Oceanodroma monteiroi: a new species from the Azores. Ibis 150: 717-727"
citation27,Bretagnolle and Attie 1991,"BRETAGNOLLE, V., AND C. ATTIÉ.  1991. Status of Barau’s Petrel (Pterdroma baraui): colony sites, breeding population and taxonomic affinities. Colonial Waterbirds 14: 25-33. "
citation28,Breton and Diamond 2014,"BRETON, A. R., AND A. W. DIAMOND. 2014. Annual survival of adult Atlantic Puffins Fratercula arctica is positively correlated with Herring Clupea harengus availability. Ibis 156: 35-47."
citation29,Breton et al 2008,"BRETON, A. R. , G. A. FOX AND J. W. CHARDINE. 2008. Survival of adult Herring gulls (Larus argentatus) from a Lake Ontario colony over two decades of environmental change. Waterbirds 31: 15-23."
citation30,Brooke 1978,"BROOKE, M. de L. 1978. Weights and measurements of the Manx Shearwater Puffinus puffinus. Journal Zoology London. 186: 359-374."
citation31,Brown 1966,"BROWN, D. A. 1966. Breeding biology of the Snow Petrel Pagodroma nivea. Australian National Antarctic Research Expedition Scientific Report B (1) Zoology 89: 1-63."
citation32,Brown 1976,"BROWN, W. Y. 1976. Growth and fledging age of the Brown Noddy in Hawaii. Condor 78: 263-264."
citation33,Bryant and Furness 1995,"BRYANT, D.M., AND R.W. FURNESS. 1995. Basal metabolic rates of North Atlantic seabirds. Ibis 137: 219-226."
citation34,BTO,BTO. British Trust for Ornithology. Banding records.
citation35,Burger 1972,"BURGER, J. 1972. Dispersal and post-fledging survival of Franklin’s Gulls. Bird Banding 43: 267-275."
citation36,Burger 1974,"BURGER, J. 1974. Breeding adaptations of Franklin’s Gull (Larus pipixcan) to a marsh habitat. Animal Behavior 22: 521-567."
citation37,Burger 1980,"BURGER, J. 1980. The transition to independence and post-fledging parental care in seabirds. Pages 624-666 in Behavior of Marine Animals: current perspectives in research, Vol. 4 Marine Birds (J. Burger, D. L. Olla, and H. E. Winn eds.). Plenum Press, New York."
citation38,Burger 1996,"BURGER, J. 1996. Laughing Gull (Larus atricilla). No. 225 in The Birds of North America, (A. Poole and F. Gill, eds.). The Academy of Natural Sciences, Philadelphia, PA, and The American Ornithologists’ Union, Washington, D.C."
citation39,Burger and Gochfeld 1994,"BURGER, J., AND M. GOCHFELD. 1994. Franklin’s Gull (Larus pipixcan). No. 116 in North America, (A. Poole and F, Gill, eds.). Philadelphia: The Academy of Natural Sciences; Washington, D.C.: The American Ornithologists’ Union."
citation40,Burger and Gochfeld 1996,"BURGER, J., AND M. GOCHFELD. 1996. Family Laridae (gulls). Pages 572-622 in Handbook of Birds of the World (J. del Hoyo, A. Elliott and J. Sargatal eds). Lynx Editions, Barcelona."
citation41,Burger and Piatt 1990,"BURGER, A.E., AND J. PIATT. 1990. Flexible time budgets in Common Murres: buffers against variable prey abundance. Studies in Avian Biology 14: 71-83."
citation42,Burke and Brown 1970,"BURKE, V. E. M., AND L. J. BROWN. 1970. Observation on the breeding of the Pink-backed Pelican Pelecanus refescens. Ibis 112: 499-512."
citation43,Burness et al 1999,"BURNESS, G. P., K. LEFEVRE AND C. T. COLLINS. 1999. Elegant Tern (Sterna elegans). No. 404 in The Birds of North America, (A. Poole and F. Gill, eds.). The Birds of North America, Inc., Philadelphia, PA."
citation44,Byrd and Williams 1993a,"BYRD, G. V., AND J. C. WILLIAMS. 1993a. Red-legged Kittiwake (Rissa brevirostris). No. 60 in The Birds of North America, (A. Poole and F. Gill, eds.). Philadelphia: The Academy of Natural Sciences; Washington, D.C.: The American Ornithologists’ Union."
citation45,Byrd and Williams 1993b,"BYRD, G. V., AND J. C. WILLIAMS. 1993b. Whiskered Auklet (Aethia pygmaea). No. 76 in The Birds of North America, (A. Poole and F. Gill, eds.). Philadelphia: The Academy of Natural Sciences; Washington, D.C.: The American Ornithologists’ Union."
citation46,Carboneras 1992,"CARBONERAS, C. 1992. Order Procellariiformes. Pages198-270 in Handbook of Birds of the World (J. del Hoyo, A. Elliott and J. Sargatal eds). Lynx Editions, Barcelona."
citation47,Carmona 1993,"CARMONA, R., 1993. Reproduccion y crecimiento de dos especies de gaviota (Larus livens y L. occidentalis) anidantes en Baja California Sur. M.Sc. thesis, Centro Interdisciplinario de Ciencias Mainas, Inst. Politech. Nacl., La Paz, Baja California, Sur."
citation48,Carmona et al 1995,"CARMONA, R., J. GUZMAN AND J. F. ELORDUY. 1995. Hatching growth and mortality of Magnificent Frigatebirds in southern Baja California. Wilson Bulletin 107: 328-337."
citation49,Chabryzk and Coulson 1976,"CHABRYZK, G., AND J.C. COULSON. 1976. Survival and recruitment in the Herring Gull Larus argentatus. Journal of Animal Ecology 45: 187-203."
citation50,Cody 1973,"CODY, M. L. 1973. Coexistence, Coevolution and Convergent Evolution in seabird communities. Ecology 54:1."
citation51,Cohen et al 2004,"COHEN, C., M. MILLS, P. RYAN, I SINCLAIR, P. V. PINTO, AND C. SPOTISWOODE. 2004. New Zealand Storm-petrel rediscovered. World Birdwatch 26: 4-5."
citation52,Collins and Doherty 2006,"COLLINS, C. T., AND P. F. DOHERTY, JR. 2006. Survival estimates for Royal Terns in Southern California. Journ. Of field Ornithology 77: 310-314."
citation53,Collins et al 1996,"COLLINS, C. T., B. W. MASSEY, L. M. DARES, M. WIMER AND K. GAZZINGA. 1996. Banding of adult California Least Tern at Marine Corps Base, Camp Pendleton between 1987 and 1995. Rep. to Dep. Navy, Nat. Resources Manage. Branch, Southwestern and Western Div., Naval Facilities Eng. Command, San Diego and San Bruno, CA."
citation54,Coulson and White 1956,"COULSON, J. C., AND E. WHITE. 1956. A study of colonies of the Kittiwake Rissa tridactyla. Ibis 98: 63-79."
citation55,Coulson and White 1959,"COULSON, J. C., AND E. WHITE. 1959. The post-fledging mortality of the Kittiwake. Bird Study 6, 97-102."
citation56,Cramp and Simmons 1983,"CRAMP, S., AND K. E. L. SIMMONS, (Eds). 1983. Handbook of the birds of Europe , the Middle East, and North Africa, the birds of the western Palearctic. Vol.3: waders to gulls. Oxford Univ. Press, Oxford."
citation57,Crivelli 1987,"CRIVELLI, A. J. 1987. The ecology and behaviour of the Dalmation Pelican Pelecanus crispus, a world-endangered species. Internal Report, Station Biologique de la Tour du Valat."
citation58,Croxall 1981,"CROXALL, J. P. 1981. Aspects of the population demography of Antarctic and Subantarctic seabirds.  Colloque sur les ecosystèmes subantarctiques, Paimpont, Com. Nat. Français Rech. Antarct."
citation59,Croxall 1987,"CROXALL, J. P. 1987. (Ed.). Seabirds, feeding ecology and role in marine ecosystems. Cambridge University Press, Cambridge, England."
citation60,Croxall and Gaston 1988,"CROXALL, J. P., AND A. J. GASTON. 1988. Patterns of reproduction in high-latitude northern- and southern-hemisphere seabirds. Proc. XIX Intl. Ornithol. Congr. 1176-1194."
citation61,Croxall and Prince 1983,"CROXALL, J. P., AND P. A. PRINCE. 1983. Antarctic penguins and albatrosses. Oceanus 26: 18-27."
citation62,Croxall and Rothery 1995,"CROXALL, J. P., AND P. ROTHERY. 1995.  Population changes in the Gentoo Penguin Pygocelis papua at bird Island, South Georgia: potential roles of adult survival, recruitment and deferred breeding. Pages 26-38 in Penguins: advances in research and management (P. Dann, I Norman, and P. Reilly, eds.). surrey, Beatty and Sons, Chipping Norton, Australia."
citation63,Cullen 1957,"CULLEN, J. M. 1957. Plumage, age and mortality in the Arctic Tern. Bird Study 4: 197-207."
citation64,Cuthbert and Davis 2002,"CUTHBERT, R. AND L. S. DAVIS. 2002. Adult survival and productivity of Hutton’s Shearwaters. Ibis 144: 423-432."
citation65,Cuthbert and Wires 1999,"CUTHBERT, F. J., AND L. R. WIRES. 1999. Caspian Tern (Sterna caspia). No. 403 in The Birds of North America, (A. Poole and F. Gill, eds.). The Birds of North America, Inc., Philadelphia, PA."
citation66,Day et al 1999,"DAY, R. H., D. J. KULETZ AND D. A. NIGRO. 1999. Kittlitz's Murrelet (Brachyramphus brevirostris). No. 435 in The Birds of North America, (A. Poole and F. Gill, eds.). The Birds of North America, Inc., Philadelphia, PA."
citation67,DeWeese and Anderson 1976,"DEWEESE, L. R., AND D. W. ANDERSON. 1976. Distribution and breeding biology of Craveri’s Murrelet. Transactions of the San Diego Society of Natural History 18: 155-168."
citation68,Diamond 1975,"DIAMOND, A. W. 1975. The biology and behaviour of frigatebirds Fregata spp. on Aldabra Atoll. Ibis 117: 302-323."
citation69,Diamond and Schreiber in press,"DIAMOND, A. W., AND E. A. SCHREIBER. In press. The Magnificent Frigatebird  Fregata magnificens. In The Birds of North America, (A. Poole and F. Gill, eds.). Birds of North America, Inc., Philadelphia, PA."
citation70,Din and Eltringham 1974,"DIN, N. A., AND K. ELTRINGHAM. 1974. Breeding of the pink-backed pelican Pelecanus refescens in Rwenzori National Park, Uganda. Ibis 116: 477-493."
citation71,Dinsmore 2008,"DINSMORE, S. J. 2008. Black skimmer nest survival in Mississippi. Waterbirds 31: 24-29."
citation72,Dittmann et al 2001,"DITTMANN, T., J. D. LUDWIG AND P. H. BECKER. 2001. The influence of fledging number and hatching order on return rates of Common Terns (Sterna hirundo). Atlantic Seabirds 3: 179-186."
citation73,Dorward 1962,"DORWARD, D. F. 1962. Comparative biology of the white booby and the brown booby Sula spp. at Ascension. Ibis 103b: 174-220."
citation74,Drost and Lewis 1995,"DROST, C. A., AND D. B. LEWIS. 1995. Xantus’ Murrelet (Synthliboramphus hypoleucus). No. 164 in The Birds of North America, (A. Poole and F. Gill, eds.). The Academy of Natural Sciences, Philadelphia, and The American Ornithologists’ Union, Washington, D.C."
citation75,Duffy 1987,"DUFFY, D. C. 1987. Ecological implications of intercolony size variation in Jackass Penguins. Ostrich 58:54-57."
citation76,Dunlop and Jenkins 1992,"DUNLOP, J. N., AND J. JENKINS. 1992. Known-age birds at a subtropical breeding colony of  the Bridled Tern (Sterna anaethetus): a comparison with the Sooty Tern. Colonial Waterbirds 15:75-82."
citation77,Dunlop and Jenkins 1994,"DUNLOP, J. N., AND J. JENKINS. 1994. Population dynamics of the Bridled Tern Sterna anaethetus colony on Penguin Island, southwestern Australia. Corella 18:33-36."
citation78,Dunn 1975,"DUNN, E. H. 1975. Growth, body components, and energy content of nestling double-creasted cormorants. Condor 77: 431-438."
citation79,Dunn and Brisbin 1980,"DUNN, E. H., AND I. L. BRISBIN. 1980. Age-specific changes in major body components and caloric values of Herring Gull chicks. Condor 82: 398-401."
citation80,Dunne and Agro 1995,"DUNN, E. H., AND D. J. ARGO. 1995. Black Tern (Chlidonias niger). No. 147 in The Birds of North America, (A. Poole and F. Gill, eds.). The Academy of Natural Sciences, Philadelphia, and The American Ornithologists’ Union, Washington, D.C."
citation81,Dunnet et al 1963,"DUNNET, G. M., A. ANDERSON AND R. M. CORMACK. 1963. A study of the survival of adult Fulmars with observations on the pre-laying exodus. British Birds 56: 2-18."
citation82,Dunnet et al 1979,"DUNNET, G. M., J. C. OLLASON AND A. ANDERSON. 1979. A 28-year study of breeding fulmars Fulmars glacialis in Orkney. Ibis 21: 293-300."
citation83,Erwin 1995,"ERWIN, R. M. 1995. The ecology of cormorants: some research needs and recommendations. Colon. Waterbirds 18 (Spec. Publ. 1):240-246."
citation84,Evans 1990,"EVANS, R. M. 1990. Effects of low incubation temperatures during the pipped egg stage on hatchability and hatching times in domestic chickens and Ring-billed Gulls. Canadian Journal Zoology. 68: 836-840."
citation85,Evans and Knopf 1993,"EVANS, R. M., AND F. L. KNOPF. 1993. American White Pelican (Pelecanus erythrorhynchos). No. 57 in The Birds of North America (A. Poole and F. Gill, eds.) Philadelphia: The Academy of Natural Sciences; Washington, D.C.: The American Ornithologists’ Union."
citation86,Ewins 1993,"EWINS, P. J. 1993. Pigeon Guillemot (Cepphus columbia). No. 49 in The Birds of North America, (A. Poole and F. Gill, eds.). Philadelphia: The Academy of Natural Sciences; Washington, D.C.: The American Ornithologists’ Union."
citation87,Ewins and Weseloh 1999,"EWINS, P. J., AND D. V. WESELOH. 1999. Little Gull (Larus minutus). No. 428 in The Birds of North America, (A. Poole and F. Gill, eds.). The Birds of North America, Inc., Philadelphia, PA."
citation88,Fisher 1975,"FISHER, H. I. 1975. Mortality and survival in the Laysan Albatross Diomedea immutabilis. Pacific Science 29: 279-300."
citation89,Fleet 1974,"FLEET, R. R. 1974., The Red-tailed Tropicbird on Kure Atoll. A. O. U. Monographs 16: 1-64."
citation90,Floyd and Swanson 1983,"FLOYD, R. B., AND N. M. SWANSON. 1983. Wedge-tailed Shearwaters on Muttonbird Island: an estimate of the breeding success and the breeding population. Emu 82: 244-250."
citation91,Frederiksen and Bregnballe 2000,"FREDERIKSEN, M., AND T. BREGNBALLE. 2000. Evidence for density dependent survival in adult cormorants from a combined analysis of recoveries and resightings. Journal of Animal Ecology 69: 737-752."
citation92,Furness 1987,"FURNESS, R. W. 1987. The Skuas. Poyser, Calton, U.K."
citation93,Furness 1993,"FURNESS, R. W. 1993. Arctic Skua. Pp. 196-197 in The new atlas of breeding bird in Britian and Ireland: 1988-1991 (D. W. Gibbons, J. B. Reid, and R. A. Chapman, eds.) Poyser, Berhamstead. "
citation94,Gaston 1994,"GASTON, A. J. 1994. Ancient Murrelet (Synthliboramphus antiquus). No. 132 in The Birds of North America, (A. Poole and F. Gill, eds.). Philadelphia: The Academy of Natural Sciences; Washington, D.C.: The American Ornithologists’ Union."
citation95,Gaston and Dechesne 1996,"GASTON, A. J., AND S. B. C. DECHESNE. 1996. Rhinoceros Auklet (Cerorhinca monocerata). No. 212 in The Birds of North America, (A. Poole and F. Gill, eds.). The Academy of Natural Sciences, Philadelphia, PA, sand The American Ornithologists’ Union, Washington, D.C."
citation96,Gaston and Hipfner 2000,"GASTON, A .J., AND  J. M. HIPFNER. 2000. Thick-billed Murre (Uria lomvia). No.497  in The Birds of North America, (A. Poole and F. Gill, eds.). The Birds of North America, Inc., Philadelphia, PA."
citation97,Gaston and Jones 1998,"GASTON, A. J., AND I. L. JONES. 1998. The Auks. Oxford University Press, Oxford.  "
citation98,Gaston and Nettleship 1981,"GASTON, A. J., AND D. N. NETTLESHIP. 1981. The Thick-billed Murres of Prince Leopold Island. Can. Wildlife Service Monographs. No.6. Canadian Wildlife Service, Ottawa."
citation99,Gaston et al 1994,"GASTON, A.J., L.N. DE FOREST, G. DONALDSON, AND D.G. NOBLE. 1994. Population parameters of Thick-billed Murres at Coats Island, Northwest Territories, Canada. The Condor 96: 935-948."
citation100,Gaston et al 1988,"GASTON, A.J., I.L. JONES, AND D.G. NOBLE. 1988. Monitoring Ancient Murrelet breeding populations. Colonial Waterbirds 11: 58-66."
citation101,Gauger 1999,"GAUGER, V. H.. 1999. Black Noddy (Anous minutus). No. 412 in The Birds of North America, (A. Poole and F. Gill, eds.) The Birds of  North America, Inc., Philadelphia, PA."
citation102,Gochfeld and Burger 1996,"GOCHFELD, M., AND J. BURGER. 1996. Family Sternidae (terns). Pages 624-666 in Handbook of Birds of the World (J. del Hoyo, A. Elliott and J. Sargatal eds). Lynx Editions, Barcelona."
citation103,Gochfeld et al 1998,"GOCHFELD, M., J. BURGER AND I. C. T. NISBET. 1998. Roseate Tern (Sterna dougallii). No. 370 in The Birds of North America, (A. Poole and F. Gill, eds.). The Birds of North America, Inc., Philadelphia, PA."
citation104,Gonz&#225;lez-Sol&#237;s et al 1999,"GONZ&#193;LEZ-SOL&#205;S, J., P. H. BECKER, AND H. WENDELN. 1999. Divorce and asynchronous arrival in Common Terns, Sterna hirundo. Animal Behaviour 58:1123-1129."
citation105,Good 1998,"GOOD, T. P. 1998. Great Black-backed Gull (Larus marinus). No.330 in The Birds of North America, (A. Poole and F. Gill, eds.). The Birds of North America, Inc., Philadelphia, PA."
citation106,Grant et al 1983,"GRANT, G. S., J. WARHAM, T. N. PETTIT AND G. C. WHITTOW. 1983. Reproductive behavior and vocalizations of the Bonin petrel. Wilson Bulletin. 95: 522-539."
citation107,Green et al 2009,"GREEN, J. A., I. L. BOYD, A. J. WOAKES, N. L. WARREN, AND P. J. BUTLER. Evaluating the prudence of parents: daily energy expenditure throughout the annual cycle of a free-ranging bird, the macaroni penguin Eudyptes chrysolophus. Journ. Avian Biology 40:529-538."
citation108,Hamer and Hill 1994,"HAMER, K. C., AND J. K. HILL. 1994. The regulation of food delivery to nestling Cory’s Shearwaters Calonectris Diomedea: the roles of parents and offspring. J. or Avian biology 25: 198-204."
citation109,Hamer et al 1997,"HAMER, K. C., L. W. NICHOLSON, J. K. HILL, R. D. WOOLER AND J. S. BRADLEY. 1997. Nestling obesity in procellariiform seabirds: temporal and stochastic variation in provisioning and growth of short-tailed shearwaters Puffinus tenuirostris. Oecologia 112: 4-11."
citation110,Hamer in press,"HAMER, K. C. In press a. Birds: Procellariiformes. In Encyclopedia of Ocean Sciences (J. Steele, S. Thorpe, and K. Turekian eds.) Academic Press, London."
citation111,Hamer unpubl.,"HAMER, K. C. Unpublished."
citation112,Haney and Macdonald 1995,"HANEY, J. C., AND S. D. MACDONALD. 1995. Ivory Gull (Pagophila eburnea). No. 175 in The Birds of North America, (A. Poole and F. Gill, eds.) The Academy of Natural Sciences, Philadelphia,  and the American Ornithologists’ Union, Washington, D.C."
citation113,Haney et al 1999,"HANEY, J. C., D. S. LEE AND R. D. MOORIS. 1999. Bridled Tern (Sterna anaehetus). No. 468 in The Birds of North America, (A. Poole and F. Gill, eds.). The Birds of North America, Inc., Philadelphia, PA."
citation114,Harris 1964,"HARRIS, M. P. 1964. Aspects of the breeding biology of the gulls, Larus argentatus, L. Fuscus and L. Marinus. Ibis 106."
citation115,Harris 1966a,"HARRIS, M. P. 1966a. Age of return to the colony, age of breeding and adult survival of Manx Shearwaters. Bird Study 13: 84-95."
citation116,Harris 1966b,"HARRIS, M. P. 1966b. Breeding biology of the Manx Shearwater. Ibis 108: 17-33."
citation117,Harris 1973,"HARRIS, M. P. 1973. The biology of the waved albatross Diomedea irrorata of Hood Island, Galapagos. Ibis 115: 483-510."
citation118,Harris 1979a,"HARRIS, M. P. 1979a. Population dynamics of the Flightless Cormorant Nannopterum harrisi. Ibis 121:135-146."
citation119,Harris 1979b,"HARRIS, M. P. 1979b. Survival and ages of first breeding of Galapagos seabirds. Bird-banding 50:56-61."
citation120,Harris and Wanless 1989,"HARRIS, M. P., AND S. WANLESS. 1989. The breeding biology of Razorbills Alca torda on the Isle of May. Bird Study 36: 105-114."
citation121,Harris and Wanless 1995,"HARRIS, M. P., AND S. WANLESS. 1995. Survival and non-breeding of adult Common guillemots Uria aalge. Ibis 137: 192-197."
citation122,Harris and Wanless 1996,"HARRIS, M. P., AND S. WANLESS. 1996. Differential responses of Guillemots Uria aalge and Shag Phalacrocorax aristotelis to a late winter wreck. Bird Study 43: 220-230."
citation123,Harrison 1983,"HARRISON, P. 1983. Seabirds. Houghton Mifflin, Boston."
citation124,Harrison et al 2013,"HARRISON, P., M. SALLABERRY, C. P. GASKIN, K. A. BAIRD, A. JARAMILLO, S. M. METZ, M. PEARMAN, M. O’KEEFFE, J. DOWDALL, S. ENRIGHT, K. FAHY, J. GILLIGAN, AND G. LILLIE. 2013. A new storm-petrel species from Chile. The Auk 130: 180-191."
citation125,Hatch and Hatch 1990,"HATCH, S. A., AND M. A. HATCH. 1990. Breeding season of oceanic birds in a sub-arctic colony. Canadian Journal of Zoology 68: 1664-1679."
citation126,Hatch and Nettleship 1998,"HATCH, S. A., AND D. N. NETTLESHIP. 1998. Northern Fulmar, Fulmarus glacialis. No. 361 in The Birds of North America (A. Poole and F. Gill eds.) Philadelphia, The Academy of Natural Sciences; Washington, D.C., The American Ornithologists' Union."
citation127,Hatch and Weseloh 1999,"HATCH, J. J., AND D. V. WESELOH. 1999. Double-crested Cormorant (Phalacrocorax auritus). No. 441 in The Birds of North America, (A. Poole and F. Gill, eds.). The Birds of North America, Inc., Philadelphia, PA."
citation128,Hatch et al 1993,"HATCH, S. A., G. V. BYRD, D. B. IRONS AND G. L. HUNT. 1993.  Status and ecology of kittiwakes (Rissa tridactyla and R. brevirostris) in the North Pacific. Pages 140-153 in The Status Ecology and Conservation of Marine Birds in the North Pacific (K. Vermeer, K. T. Briggs, K. H. Morgan, and D. Siegel-Causey, eds). Canadian Wildlife Service, Special Publication, Ottawa, ON."
citation129,Hatziliacou 1992,"HATZILACOU, D. 1992. The breeding biology and feeding ecology of the Great White Pelican Pelecanus onocrotalus, at Lake Mikri Prespa (Northwestern Greece). Ph.D. dissertation, University of Athens 183pp. (in Greek)."
citation130,Hays 1980,"HAYS, M. B. 1980. Breeding biology of the Least Tern, Sterna albifrons, on the Gulf Coast of Mississippi. M.S. thesis, Mississippi State Univ., Mississippi State, MS."
citation131,Hazevoet 1995,"HAZEVOET, C. J. 1995. The birds of the Cape Verde Islands. BOU Checklist No. 13 Tring."
citation132,Higgins and Davis 1996,"HIGGINS, P. J., AND S. J. J. F. DAVIS. 1996. Handbook of Australian, New Zealand and Antarctic birds. Vol. 3. Oxford University Press, Melbourne."
citation133,Hobson 1997,"HOBSON, K. A. 1997. Pelagic Cormorant (Phalacrocorax pelagicus). No. 282 in The Birds of North America, (A. Poole and F. Gill, eds.). The Academy of Natural Sciences, Philadelphia, PA, and The American Ornithologists’ Union, Washington, D.C."
citation134,Hongell 1989,"HONGELL, H. 1989. Pikkutiiran (Sterna albifrons) ekologiasta [Finnish with English summary: Ecology of the Little Tern]. Ornis Btnica 10: 138-168. "
citation135,Hudson 1966,"HUDSON, R. 1966. Adult survival estimates for two Antarctic petrels. British Antarctic Survey Bulletin 8: 63-73."
citation136,Hunter 1984,"HUNTER, S. 1984. Breeding biology and population dynamics of giant petrels Macronectes at South Georgia (Aves Procellariiformes). Journal of Zoology, London 203: 441-460."
citation137,Hunter et al 2002,"HUNTER, F. M., I. L. JONES, J. C. WILLIAMS, AND G. V. BYRD. 2002. Breeding biology of the Whiskered Auklet (Athia pygmaea) at Buldir Island, Alaska. Auk 119: 1036-1051."
citation138,Huntington et al 1996,"HUNTINGTON, C. E., R. G. BUTLER AND R. A. MAUCK. 1996. Leach’s Storm-Petrel (Oceanodroma leucorhoa). No. 233 in The Birds of North America, (A. Poole and F. Gill, eds.). The Academy of Natural Sciences, Philadelphia, PA, and The American Ornithologists’ Union, Washington, D.C."
citation139,Imber 1987,"IMBER, M. J. 1987. Breeding ecology and conservation of the Black Petrel Procellaria parkinsoni. Notornis 34:19-39.                   "
citation140,Imber and Tennyson 2001,"IMBER, M. J., AND A. J. D. TENNYSON. 2001. A new petrel species (Procellariidae) from the south-west Pacific. Emu 101: 123-127."
citation141,Isenmann 1971,"ISENMANN, P. 1971. Contribution á l’éthologie et á l’écologie du Manchot empereur (Aptenodytes forsteri Gray) á la colonie de Pointe Géologie (Terre Adélie). L’Oiseau et la R.F.O.  41: 9-64."
citation142,Jehl 1982,"JEHL, J. R., Jr. 1982. The biology and taxonomy of Townsend’s Shearwater. Le Gerfaut 72: 121-135."
citation143,Johnsgard 1993,"JOHNSGARD, P. A. 1993. Cormorants, darters and pelicans of the world. Smithsonian Institution Press. Washington, D.C."
citation144,Johnston et al 2004,"JOHNSTON, R. B., S. M. BETTANY, R. M. OGLE, H. A. AIKMAN, G. R. TAYLOR AND M. J. IMBER. 2004. Breeding and fledging behaviour of the Chatham Taiko (Magenta Petrel) Pterodromoa magentae, and predator activity at burrows. Marine Ornithology 31: 193-197."
citation145,Jones 1993a,"JONES, I. L. 1993a. Least Auklet (Aethia pusilla). No.69 in The Birds of North America, (A. Poole and F. Gill, eds.). Philadelphia: The Academy of Natural Sciences; Washington, D.C.: The American Ornithologists’ Union."
citation146,Jones 1993b,"JONES, I. L. 1993b. Crested Auklet (Aethia cristella). No. 70 in The Birds of North America (A. Poole and F. Gill, eds.). Philadelphia: The Academy of Natural Sciences; Washington, D.C.: The American Ornithologists’ Union."
citation147,Jones and Montgomerie 1991,"JONES, I. L., AND R. MONTGOMERIE. 1991. Mating and remating of Least Auklets (Aethia pusilla) relative to ornamental traits. Behavioral Ecology 2: 249-257."
citation148,Jouventin and Mougin 1981,"JOUVENTIN, P., AND J.-L. MOUGIN. 1981. Les stratégies adaptatives des oiseaux de mer. Revue d’Ecologie (Terre & Vie) 35:217-272."
citation149,Jouventin et al 1985,"JOUVENTIN, P. J. L. MOUGIN, J. C. STAHL, AND H. WEIMERSKIRCH. 1985. Comparative biology of the burrowing petrels of the Crozet Islands. Notornis 32:157-220."
citation150,Kadlec and Drury 1968,"KADLEC, J. A., AND DRURY, W. H. 1968. Structure of the New England Herring Gull population. Ecology 49: 644-676."
citation151,Keitt et al 2003,"KEITT, B. S., B. R. TERSHY, AND D. CROLL. 2003. Breeding biology and conservation of Black-vented Shearwaters Puffinus opisthomelas. Ibis 145: 673-680."
citation152,King and Gould 1967,"KING, W. B., AND P. J. GOULD. 1967. The status of Newell’s race of the Manx Shearwater. Living Bird 6: 163-186."
citation153,Landers et al 2011,"LANDERS, T. J., M. J. RAYNER, R. A. PHILLIPS, AND M. E. HAUBER. 2011 Dynamics of seasonal movements by a trans-Pacific migrant, the Westland petrel. Condor 113: 71-79."
citation154,Langham 1974,"LANGHAM, N. P. 1974. Comparative breeding biology of the Sandwich Tern. Auk 91:255-277."
citation155,Langham 1983,"LANGHAM, N. P. 1983. Growth strategies in marine terns. Studies in Avian Biology 8: 73-83."
citation156,Lavers et al 2008,"LAVERS, J. L., I. L. JONES AND A W. DIAMOND. 2008. Age at first return and breeding of Razorbills (Alca torda) on the Gannet Islands, Labrador and Machias Seal Island, New Brunswick. Waterbirds 31: 30-34. "
citation157,Lee and Haney 1996,"LEE, D. S., AND J. C. HANEY. 1996. Manx Shearwater (Puffinus puffinus). No. 257 in The Birds of North America, (A. Poole and F. Gill, eds.). The Academy of Natural Sciences, Philadelphia, PA, and The American Ornithologists’ Union, Washington, D.C."
citation158,Lee and Walsh-McGehee 1998,"LEE, D. S., AND M. WALSH-McGEHEE. 1998. White-tailed Tropicbird (Phaethon lepturus). No. 353 in The Birds of North America, (A. Poole and F. Gill, eds.). The Birds of North America, Inc., Philadelphia, PA."
citation159,Lewis et al 2006,"LEWIS, S. L. S. WANLESS, D. A. ELSTON, M. D. SHULTZ, E. MACKLEY, M. DUTOIT, J. G. UNDERHILL, AND M. P. HARRIS. Determinants of quality in a long-lived colonial species. Journal of animal Ecology 75: 1304-1312."
citation160,Manuwal 1974,"MANUWAL, D. A. 1974. The natural history of Cassin’s Auklet (Ptychoramphus aleuticus). Condor 76: 421-431."
citation161,Manuwal and Thoresen 1993,"MANUWAL, D. A., AND A. C. THORESEN. 1993. Cassin’s Auklet (Ptychoramphus aleuticus). No. 50 in The Birds of North America, (A. Poole and F. Gill, eds.). Philadelphia: The Academy of Natural Sciences; Washington, DC.: The America Ornithologists’ Union."
citation162,Marchant and Higgins 1990,"MARCHANT, S., AND P. J. HIGGINS. 1990. Handbook of Australian, New Zealand & Antarctic Birds, Vol. 1. Oxford Univ. Press, Australia."
citation163,Martinez 1992,"MARTINEZ, I. 1992. Order Sphenisciformes. Pages 140-160 in Handbook of Birds of the World (J. A. del Hoyo, A. Elliott and J. Sargatal, eds). Lynx Editions, Barcelona."
citation164,Massey et al 1992,"MASSEY, B. W., D. W. BRADLEY, AND J. L. ATWOOD. 1992. Demography of a California Least Tern colony including effects of the 1982-1983 El Nino. Condor 94: 976-983."
citation165,Megyesi and O'Daniel 1997,"MEGYESI, J. L., AND D. L. O’DANIEL. 1997. Bulwer’s Petrel (Bulweria bulwerii). No. 281 in The Birds of North America, (A. Poole and F. Gill, eds.). The Academy of Natural Sciences, Philadelphia, PA, and The American Ornithologists’ Union, Washington, D.C."
citation166,Mills 1973,"MILLS, J. A.  1973.  The influence of age and pair-bond on the breeding biology of the Red-billed Gull Larus novaehollandiae scopulinus. Journal of Animal Ecology 42:147."
citation167,Mills 1989,"MILLS, J. A. 1989. Red-billed Gull. Pages 387-404 in Lifetime reproduction in birds (I. Newton, ed.). Academic Press, London."
citation168,Mills et al 1996,"MILLS, J. A., J. W. YARRALL AND D. A. MILLS. 1996. Causes and consequences of mate fidelity in red-billed gulls. Pages 286-304 in Partnerships in Birds. The Study of Monogamy (J.M. Black, ed.). Oxford University Press, Oxford."
citation169,Montevecchi and Kirk 1996,"MONTEVECCHI, W. A., AND D. A. KIRK 1996. Great Auk (Pinguinus impennis). No. 260 in The Birds of North America (A. Poole and F. Gill, eds.). The Birds of North America, Inc., Philadelphia, PA."
citation170,Montevecchi et al 1984,"MONTEVECCHI, W. A., R. E. RICKLEFS, I. R. KIRKHAM AND D. GABALDON. 1984. Growth energetics of nestling Northern Gannets (Sula bassanus). Auk 101: 334-341."
citation171,Monticelli 2008,"MONTICELLI, D. 2007. Modeling temporal variability in first-winter survival in species with staggered annual return to their breeding areas: a case study of tropical roseate terns at Aride Island, Seychelles, Indian Ocean. Paper presented at the 31st annual meeting of the Waterbird Society, Barcelona Spain."
citation172,Mostello et al 2000,"MOSTELLO, C. S., N. A. PALASIA AND R. B. CLAPP. 2000. Gray-backed Tern (Sterna lunata). No. 525 in The Birds of North America (A. Poole and F. Gill, eds.). The Birds of North America, Inc., Philadelphia, PA."
citation173,Mougin 1967,"MOUGIN, J.-L. 1967. Etude ecologique des deux especes de fulmars le Fulmar Atlantique (F. glacialis) et le Fulmar Antarctique (F. glacialoides). Oiseau Review Fr. Ornithologie 37: 57-103."
citation174,Mougin 1989,"MOUGIN, J.-L. 1989. Données préliminaires sur la structure et la dynamique de la population de Pétrels de Bulwer Bulweria bulwerii de l’île Selvagem Grande (30°09’N, 15°52’W). Compte-rendus de l’Académie des Sciences de Paris 308:103-106."
citation175,Mougin 1990,"MOUGIN, J.-L. 1990. La fidélité au partenaire et au nid chez le Pétrel de Bulwer Bulweria bulwerii de l’île Selvagem Grande (30°09’N, 15°52’W). L’Oiseau et la R. F. O. 60:224-232."
citation176,Mougin et al 1987a,"MOUGIN, J.-L., B. DESPIN, C. JOUANIN AND F. ROUX. 1987a. La fidélité au partenaire et au nid chez le Puffin cendré, Calonectris diomedea borealis, de l’île Selvagem Grande. Gerfaut 77:353-369."
citation177,Mougin et al 1987b,"MOUGIN, J.-L., C. JOUANIN AND F. ROUX. 1987b. Structure et dynamique de la population de Puffins cendrés Calonectris diomedea borealis de l’île Selvagem Grande (30°09’N, 15°52’W). L’Oiseau et la R. F. O. 57:201-225."
citation178,Mougin et al 1988a,"MOUGIN, J.-L., C. JOUANIN AND F. ROUX. 1988a. Les différences d’âge et d’expérience entre partenaires chez le Puffin cendré Calonectris diomedea borealis de l’île Selvagem Grande (30°09’N, 15°52’W). L’Oiseau et la R. F. O. 58:113-119."
citation179,Mougin et al 1988b,"MOUGIN, J.-L., C. JOUANIN AND F. ROUX. 1988b. L’influence des voisins dans la nidification du Puffin cendré Calonectris diomedea. Comptes-rendus de l’Académie des Sciences de Paris (III) 307:195-198."
citation180,Mundkur 1992,"MUNDKUR, T. 1992. Breeding by one-year-old Indian River Terns. Colonial Waterbirds 15: 144-147."
citation181,Nagulu 1984,"NAGULU, V. 1984. Biology of spot-billed pelican, Pelecanus phillippensis, at Nelapattu, India. Ph.D. thesis. "
citation182,Neithammer and Patrick 1998,"NEITHAMMER, K. R., AND L. B. PATRICK-CASTILAW. 1998. White Tern (Gygis alba). No 371 in The Birds of  North America, (A. Poole and F. Gill, eds.). The Birds of North America, Inc. Philadelphia, PA."
citation183,Nelson 1978,"NELSON, J. B. 1978. The Sulidae: gannets and boobies. Oxford University Press. Oxford, UK."
citation184,Nelson 1997,"NELSON, S. K. 1997. Marbled Murrelet (Brachyramphus marmortus). No. 276  in The Birds of  North America, )A. Poole and F. Gill, eds.). The Academy of Natural Sciences, Philadelphia, PA, and The American Ornithologists’ Union, Washington, D.C. "
citation185,Nelson and Hamer 1995,"NELSON, S. K., AND T. E. HAMER 1995. Nesting biology and behavior of the Marbled Murrelet. Pp. 57-68 in Ecology and conservation of the Marbled Murrelet (C. J. Ralph, G. L. Hunt, M. G. Raphael, and J. F. Piatt, eds.). U.S.D.A. Forest Service Technical Report, PSW-152, Albany, CA. "
citation186,Nettleship 1996,"NETTLESHIP, D. N. 1996. Family Alcidae (auks). Pages 678-722 in Handbook of the birds of the world (J. del Hoyo, A. Elliott, and J. Sargatal, eds.). Vol. 3. Lynx Edicions, Barcelona, Spain."
citation187,Nettleship and Hunt 1988,"NETTLESHIP, D. N., AND G. L. HUNT, JR. 1988. Reproductive biology of seabirds at high latitudes in the northern and southern hemispheres. Proceedings of the International Ornithological Congress 19: 1141-1219."
citation188,Nichols 1974,"NICHOLS, C. 1974. Double-brooding in a Western Australian population of the Silver Gull, Larus novae-hollandiae. Australian Journal of Zoology 22: 63-70."
citation189,Nisbet 1989,"NISBET, I. C. T. 1989. Status and biology of the northeastern population of the Roseate Terns (Sterna dougllii): a literature survey and update: 1981-1989. U.S. Fish Wildlife Service, Contract Report 50181-88-8105, Newton Corner, MA."
citation190,Nisbet I.C.T. unpubl.,"NISBET, I. C. T. Unpublished."
citation191,None,None
citation192,North 1997,"NORTH, M. R. 1997. Aleutian Tern (Sterna aleutica). No. 291 in The Birds of North America, (A. Poole and F. Gill, eds.). The Academy of Natural Sciences, Philadelphia, PA, and The American Ornithologists’ Union, Washington, D.C."
citation193,O'Donald 1983,"O’DONALD, P. 1983. The Arctic Skua: a study of the ecology and evolution of a seabird. Cambridge University Press, Cambridge."
citation194,Olsen and Larsson 1997,"OLSEN, K. M., AND H. LARSSON. 1997. Skuas and jaegers. Yale University Press, New Haven. "
citation195,Oro 2002,"ORO, D. 2002. Breeding biology and population dynamics of Slender-billed Gulls at the Ebro Delta (Northwestern Mediterranean). Waterbirds 25: 67-77."
citation196,Oro et al 2004,"ORO, D., A. BEROLERO, A. M. VILALTA and M. A. LOPEZ. 2004. The biology of  the Little Tern in the Ebro Delta (northwestern Mediterranean). Waterbirds 27: 434-440."
citation197,Orta 1992,"ORTA, J. 1992. Family Phaethontidae (Tropicbirds), pages 280-289; Family Phalacrocoracidae (Cormorants), pages 326-353; Family Fregatidae (Frigatebirds), pages 362-374. In Handbook of Birds of the World, Vol. 1. (J. del Hoyo, A. Elliott, and J. Sargatal, eds). Lynx Edicions, Barcelona. "
citation198,Ospina-Alvarez 2014,"OSPINA-ALVAREZ, A. 2014. Breeding ecology of Brown Booby on Gorgona Island, eastern tropical Pacific Ocean. Notornis 61: 10-18."
citation199,Palmer 1962,"PALMER, R. S., (Ed). 1962. Handbook of North American birds. Vol. 1: loons through flamingos. Yale Univ. Press, New Haven, CT."
citation200,Parker et al 2004,"PARKER, N., E. CAM, D. B. LANK AND F. COOKE.  2004. Post-fledging survival of marbled murrelets Brachyramphus marmoratus estimated with radio-marked juveniles in desolation sound, British Columbia.  Marine Ornithology 31: 207-212. "
citation201,Parnell et al 1995,"PARNELL, J. F., R. M. ERWIN AND K. C. MOLINA. 1995. Gull-billed Tern (Sterna nilotica). No. 140 in The Birds of North America, (A. Poole and F. Gill, eds.). The Academy of Natural Sciences, Philadelphia and The American Ornithologists’ Union, Washington, D.C."
citation202,Patten 1996,"PATTEN, M. A. 1996. Yellow-footed Gull (Larus livens). No. 243 in The Birds of North America, (A. Poole and F. Gill, eds.). The Academy of Natural Sciences, Philadelphia, PA, and The American Ornithologists’ Washington, D.C."
citation203,Pennycuick 1983,"PENNYCUICK, C. J. 1983. Thermal soaring compared in three dissimilar tropical bird species, Fregata magnificens, Pelecanus occidentalis and Coryagyps atratus. Journal of Experimental Biology 102: 307-325."
citation204,Petersen 1981,"PETERSEN, A. E. 1981. Breeding biology and feeding ecology of Black Guillemots. Unpublished Ph.D. thesis, University of Oxford."
citation205,Petry et al 2000,"PETRY, M. V., L. BUGONI, AND V. S. FONSECA. 2000. Occurrence of the Cape Verde Shearwater Calonectris edwardsii on the Brazilian coast. Bulletin of the British Ornithological Club 120: 198-200."
citation206,Phillips and Furness 1998,"PHILLIPS, R. A., AND R. W. FURNESS 1998. Polymorphism, mating preferences and sexual selection in the Arctic Skua. Journal of Zoology, London 245: 245-252."
citation207,Phillips and Hamer 2000,"PHILLIPS, R. A., AND K. C. HAMER. 2000. Growth and provisioning strategies of Northern Fulmars Fulmaris glacialis. Ibis 142: 435-445."
citation208,Piatt et al 1990,"PIATT, J., B. ROBERTS AND S. HATCH. 1990. Colony attendance and population monitoring of Least and Crested Auklets at St. Lawrence Island, Alaska. Condor 92: 97-106."
citation209,Pierotti 1979,"PIEROTTI, R. J. 1979. The reproductive behaviour and ecology of the Herring Gull in Newfoundland. Ph.D. dissertation, Dalhousie Univ., Halifax, Nova Scotia."
citation210,Pierotti 1982,"PIEROTTI, R. J. 1982. Habitat selection and its effect on reproductive output in the Herring Gull in Newfoundland. Ecology 63:854-868."
citation211,Pierotti and Annett 1995,"PIEROTTI, R. J., AND C. A. ANNETT. 1995. Western Gull (Larus occidentalis). No. 174 in The Birds of North America,(A. Poole and F. Gill, eds.). The Academy of Natural Sciences, Philadelphia, and The American Ornithologists’ Union, Washington, D.C."
citation212,Pierotti and Good 1994,"PIEROTTI, R. J., AND T. P. GOOD. 1994. Herring Gull (Larus argentatus). No. 124 in The Birds of North America,(A. Poole and F. Gill, eds.). Philadelphia: The Academy of Natural Sciences; Washington, D.C.: The American Ornithologists’ Union."
citation213,Pons and Migot 1995,"PONS, J. M., AND P. MIGOT. 1995. Life-history strategy of the herring gull: changes in survival and fecundity in a population subjected to various feeding conditions. Journal of Animal Ecology 64: 592-599."
citation214,Poole et al 1998,"POOLE, J., S. SMITH, C. M. PERRINS, T. R. BIRKHEAD, AND K. R. THOMPSON. 1998. Seabird monitoring on Skomer Island in 1996. JNCC Report no. 277. Peterborough: JNCC."
citation215,Potts 1969,"POTTS, G. R. 1969. The influence of eruptive movements, age, population size and other factors on the survival of the shag (Phalacrocorax aristotelis). Journal of Animal Ecology 38: 53-102."
citation216,Pr&#233;vot-Julliard et al 1998,"PR&#201;VOT-JULLIARD, A-C., J. D. LEBRETON, AND R. PRADEL. 1998. Re-evaluation of adult survival of Black-headed Gulls (Larus ridibundus) in the presence of recapture heterogeneity. Auk 115: 85-95."
citation217,PSG Bull 29:2 2002,"PACIFIC SEABIRD GROUP BULLETIN. 2002. Regional Reports: Northern California, Farallon Islands. Vol 29 (2) pg. 117."
citation218,PSG Bull 35:1 pg 9,PACIFIC SEABIRD GROUP BULLETIN. 2009. Beck’s Petrel not extinct. Vol 35 (1) pg. 9.
citation219,Pyle et al 2011,"PYLE, P., A. J. WELCH, AND R. C. FLEISCHER. 2011. A new species of shearwater (Puffinus) recorded from Midway Atoll, Northwestern Hawaiian Islands. Condor 113: 518–527."
citation220,Pyrovetsi 1989,"PYROVETSI, M. 1989. Foraging trips of White Pelicans (Pelecanus onocrotalus) breeding on Lake Mikri Prespa, Greece. Colonial Waterbirds 12: 43-50."
citation221,Quinn 1990,"QUINN, J. S. 1990. Sexual size dimorphism and parental care patterns in a monomorphic and a dimorphic larid. Auk 107: 260-274."
citation222,Ramos 2002,"RAMOS, J. A. 2002. Spatial patterns of breeding parameters in tropical roseate terns differ from temperate seabirds. Waterbirds 25: 285-294."
citation223,Ramos et al 2003,"RAMOS, J. A., M. ZITA, E. SOLA, AND L. R. MONTEIRO. 2003. Reproductive measures and chick provisioning of Cory’a Shearwters Calonectris diomedea borealis in the Azores. Bird Study 50: 47-54."
citation224,Ramos et al 2004,"RAMOS, J. A., A. M. MAUL, J. BOWLER, D. MONTICELLI AND C. PACHECO. 2004. Laying date, chick provisioning, and breeding success of Lesser Noddies on Aride Island, Seychelles. Condor 106: 887-895."
citation225,Ramos et al 2005,"RAMOS, J. A., J. BOWLER, M. BETTS, C. PACHECO, J. AGOMBAR, I. BULLOCK, AND D. MONTICELLI. 2005. Productivity of White-tailed Tropicbirds on Aride Island, Seychelles. Waterbirds 28: 405-410."
citation226,Ramos et al 2009,"RAMOS, J. A., J. P. GRANADIERO, R. A. PHILLIPS, AND P. ATRY. 2009. Flight morphology and foraging behavior of male and female Cory’s Shearwaters. Condor 111: 424-432."
citation227,Ratcliffe et al 2002,"RATCLIFFE, N., P. CATRY, K. C. HAMER, N. I. KLOMP, AND R. W. FURNESS. 2002. The effect of age and year on the survival of breeding adult Great Skuas Catharacta skua in Shetland. Ibis 144: 384-392."
citation228,Reid 1968,"REID, B. 1968. An interpretation of the age structure and breeding status of an Adelie Penguin population. Notornis 15: 193-197."
citation229,Reid 1987,"REID, W.V. 1987. The cost of reproduction in the glaucous-winged gull. Oecologia 74: 458-467."
citation230,Reilly and Balmford 1974,"REILLY, P. N., AND P. BALMFORD. 1974. A breeding study of the Little Penguin (Eudyptula minor) in Australia. Pages 161-188 in The Biology of Penguins (B. Stonehouse, ed.). MacMillan and Co., London."
citation231,Reynolds et al 2011,"REYNOLDS, T. J., M. P. HARRIS, R. KING, R. L. SWANN, D. J. JARDINE, M. FREDERIKSEN AND S. WANLESS. Among-colony synchrony in the survival of Common Guillemos Uria aalge reflects shared wintering areas. Ibis 153: 818-831."
citation232,Richdale 1957,"RICHDALE, L. E. 1957. A population study of penguins. Oxford University Press, Cambridge, England."
citation233,Richdale 1963,"RICHDALE, L. E. 1963. Biology of the Sooty Shearwater. Proceedings of the London Zoological Society 141: 1-117."
citation234,Ricklefs et al 1986,"RICKLEFS, R. E., D. D. ROBY AND J. B. WILLIAMS. 1986. Daily energy expenditure by adult Leach’s Storm-Petrels during the nesting cycle. Physiological Zoology 59:649-660."
citation235,Robbins C,ROBBINS C. personal communication
citation236,Robinson and Hamer 2000,"ROBINSON, J. A., AND K. C. HAMER. 2000.  Brood size and food provisioning in Common Terns Sterna hirundo and Arctic Terns Sterna paradisaea: consequences for chick growth. Ardea 88: 51-60."
citation237,Robinson et al 2001,"ROBINSON, J. A., K. C. HAMER, AND L. S. CHIVERS. 2001. Contrasting brood sizes in Common and Arctic Terns: the roles of food provisioning rates and parental brooding. Condor 103: 108-117."
citation238,Roby and Brink 1986,"ROBY, D. D., AND K. L. BRINK 1986. Decline of breeding Least Auklets on St. George Island, Alaska. Journal Field Ornithology. 57: 57-59."
citation239,Rothery et al 2002,"ROTHERY, P., M. P. HARRIS, S. WANLESS, AND D. N. SHAW. 2002. Colony size, adult survival rates, productivity and population projections of Black-legged Kittiwakes Rissa tridactyla on Fair Isle. Atlantic Seabirds 4: 17-28."
citation240,Ryder 1993,"RYDER, J. P. 1993. Ring-billed Gull. No. 33 in The Birds of North America, (A. Poole and F. Gill, eds.) Philadelphia: The Academy of Natural Sciences; Washington, DC: The American Ornithologists’ Union."
citation241,Sagar and Warham 1993,"SAGAR, P. M., AND J. WARHAM. 1993. A long-lived Southern Buller’s Mollymawk (Diomedea bulleri bulleri) with a small egg. Notornis 40:303-304."
citation242,Sagar and Warham 1997,"SAGAR, P. M., AND J. WARHAM. 1997. Breeding biology of Southern Buller’s Albatrosses at The Snares, New Zealand. Pages 92-98 in The albatross biology and conservation (G. Robertson, and R. Gales, eds.). Surrey Beatty and Sons, Chipping Norton. Pages 92-98."
citation243,Scarton 2008,"SCARTON, F. 2008. Population trend, colony size and distribution of Little Terns in the lagoon of Venice (Italy) between 1989 and 203. Waterbirds 31: 35-41."
citation244,Schaffner 1982,"SCHAFFNER, F. C. 1982. Aspects of the reproductive ecology of the Elegant Tern (Sterna elegans) at San Diego Bay. Master’s thesis, San Diego State University, San Diego."
citation245,Schreiber 1976,"SCHREIBER, R. W. 1976. Growth and development of nestling Brown Pelicans. Bird-banding 47: 19-39."
citation246,Schreiber and Schreiber 1980,"SCHREIBER, E. A., AND R. W. SCHREIBER. 1980. Breeding biology of Laughing Gulls in Florida. Part II: nesting parameters. Journal Field Ornithology. 51:340-355."
citation247,Schreiber and Schreiber 1993,"SCHREIBER, E. A., AND R. W. SCHREIBER. 1993. The Red-tailed Tropicbird(Phaethon rubricauda). No 43. in The Birds of North America, (A. Poole and F. Gill, eds.). Philadelphia: the Academy of Natural Sciences; Washington, D.C.: the American Ornithologists’ Union."
citation248,Schreiber E.A. unpubl.,"SCHREIBER, E. A. Unpublished."
citation249,Schreiber et al 1979,"SCHREIBER, E. A., R. W. SCHREIBER AND J. J. DINSMORE. 1979. Breeding biology of Laughing Gulls in Florida. Part I: nesting, egg, and incubation parameters. Bird Banding 50: 304-355."
citation250,Schreiber et al 1996,"SCHREIBER, E. A., R. W. SCHREIBER AND G. A. SCHENK. 1996. The Red-footed Booby (Sula sula). No. 241 in The birds of North America, (A. Poole and F. Gill, eds.). Philadelphia, the Academy of Natural Sciences; Washington, D.C., the American Ornithologists Union."
citation251,Schreiber et al 2004,"SCHREIBER, E.A., P. F. DOHERTY, JR., AND G. A. SCHENK. 2004. Dispersal and survival rates of adult and juvenile Red-tailed Tropicbirds (Phaethon rubricauda) exposed to potential contaminants. Animal Biodiversity and Conservation 27: 1-11."
citation252,Sears 1978,"SEARS, H. F. 1978. Breeding behavior of the Gull-billed Tern. Ph.D. dissertation, Univ. North Carolina, Chapel Hill."
citation253,Serventy 1967,"SERVENTY, D. L. 1967. Aspects of the population ecology of the Short-tailed Shearwater, Puffinus tenuirostris. Pp. 165-190 in Proceedings of the XIV International Ornithological Congress.   "
citation254,Seto and O'Daniel 1999,"SETO, N. W. H., AND D. O. O’DANIEL. 1999. Bonin Petrel (Pterodroma hypoleuca). No. 385 in The Birds of North America, (A. Poole and F. Gill, eds.). The Birds of North America, Inc., Philadelphia, PA."
citation255,Seto et al 2001,"SETO, N. W. H., N. HOFFMAN, AND B CASLER. 2001. Rat eradication on Midway Atoll: a success story with petrels and shearwaters. Pacific Seabirds 28:52-53. Abstract."
citation256,Shaffer et al 2001,"SHAFFER, S. A., H. WEIMERSKIRCH, AND D. P. COSTA. 2001. Funstional significance of sexual dimorphism in wandering albatross, Diomedea exulans. Functional Ecology 15: 203-210."
citation257,Shealer 1999,"SHEALER, D. 1999. Sandwich Tern (Sterna sandvicensis). No. 405 in The Birds of North America,  (A. Poole and F. Gill, eds.). The Birds of North America, Inc., Philadelphia, PA."
citation258,Shealer unpubl.,"SHEALER, D. Unpublished."
citation259,Sidhu et al 2007,"SIDHU, LEESA, A., E. A. CATCHPOLE, AND P. DANN. 2007. Mark-recapture-recovery modeling and age-related survival in Little Penguins (Eudyptula minor). Auk 124: 815-827."
citation260,Siegel-Causey and Hunt 1986,"SIEGEL-CAUSEY, D., C., AND G. L. HUNT. 1986. Breeding-site selection and colony formation in Double-crested and Pelagic cormorants. Auk 103:230-234."
citation261,Simons 1984,"SIMONS, T. R. 1984. Biology and behavior of the endangered Hawaiian Dark-rumped Petrel. Journal Wildlife Management. 48.(4): 1065-1076. "
citation262,Simons 1985,"SIMONS, T. R. 1985. Biology and behavior of the endangered Hawaiian Dark-rumped Petrel. Condor 87: 229-245."
citation263,Simons and Hodges 1998,"SIMONS, T. R., AND C. N. HODGES. 1998. Dark-rumped Petrel (Pteordroma phaeopygia). No. 345 in The Birds of North America, (A. Poole and F. Gill, eds.). The Birds of North America, Inc. Philadelphia, PA."
citation264,Southern et al 1965,"SOUTHERN, H. N., R. CARRICK AND W. G. POTTER. 1965. The natural history of a population of guillemots (Uria aalge Pont.). Journal Animal Ecology 34: 649-665."
citation265,Spear et al 1987,"SPEAR, L. B., T. M. PENNIMAN, J. F. PENNIMAN, H. R. CARTER, AND D. G. AINLEY. 1987. Survivorship and mortality factors in a population of western gulls. Studies in Avian Biology 10: 44-56."
citation266,Spendelow et al 1995,"SPENDELOW, J. A., J. D. NICHOLS, I. C. T. NISBET, H. HAYS AND G. D. CORMONS. 1995. Estimating annual survival and movement rates of adults within a metapopulation of Roseate Terns. Ecology 76: 2415-2428. "
citation267,Stenhouse et al 2001,"STENHOUSE, I. J., H. G. GILCHRIST AND W. A. MONTEVECCHI.  2001. Reproductive biology of Sabine’s Gull in the Canadian Arctic. Condor 103: 98-107."
citation268,Stenhouse et al 2004,"STENHOUSE, I., G. J. ROBERTSON AND H. G. GILCHRIST. 2004. Recoveries and survival rate of Ivory Gulls banded at Nunavut, Canada, 1971-1999. Waterbirds 27: 486-492."
citation269,Stonehouse 1962,"STONEHOUSE, B. 1962. The Tropic Birds (Genus Phaethon) of Ascension Island. Ibis 103b: 124-482."
citation270,Stonehouse 1975,"STONEHOUSE, B., (Ed). 1975. Biology of Penguins. Macmillan, London."
citation271,Stonehouse and Stonehouse 1963,"STONEHOUSE, B., AND S. STONEHOUSE 1963. The frigatebird Fregata aquila of Ascension Island. Ibis 103b 409-422."
citation272,Swatschek et al 1994,"SWATSCHEK, I., D. RISTOW AND M. WINK. 1994. Mate fidelity and parentage in Cory’s Shearwater Calonectris diomedea-field studies and DNA fingerprinting. Molecular Ecology 3:259-262."
citation273,Sydeman et al 1996,"SYDEMAN, W. J., P. PYLE, S. D. EMSLIE AND E. B. MCLAREN. 1996. Causes and consequences of long-term partnerships in Cassin’s Auklets. Pages 211-222 in Partnerships in birds-The study of monogamy (J. M. Black, ed.). Oxford University Press, Oxford. "
citation274,Szostek et al 2014,"SZOSTEK, K. L., P. H. BECKER, B. C. MEYER, S. R. SUDMANN, AND H. ZINTL. 2014. Colony size and not nest density drives reproductive output in the Common Tern Sterna hirundo. Ibis 156:  48-59."
citation275,Tarburton 1987,"TARBURTON, M. K. 1987. Some recent observations on seabirds breeding in Fiji. Notornis 25: 303-316."
citation276,Taylor 1962,"TAYLOR, R. H. 1962.  The Adelie Penguin, Pygoscelis adeliae, at Cape Royds. Ibis 104: 176-204."
citation277,Telfair and Morrison 1995,"TELFAIR, R. C. II, AND M. L. MORRISON. 1995. Neotropic Cormorant (Phalacrocorax brasilianus). No. 137 in The Birds of North America, (A. Poole and F. Gill, eds). The Academy of Natural Sciences, Philadelphia, and The American Ornithologists’ Union, Washington, D.C."
citation278,Thibault 1994,"THIBAULT, J.-C. 1994. Nest-site tenacity and mate fidelity in relation to breeding success in Cory’s Shearwater Calonectris diomedea. Bird Study 41:25-28."
citation279,Thompson et al 1997,"THOMPSON, B. C., J. A. JACKSON, J. BURGER, L. A. HILL, E. M. KIRSCH AND J. L. ATWOOD. 1997. Least Tern (Sterna antillarum). No. 290 in The Birds of North America (A. Poole and F. Gill, eds.) The Academy of Natural Sciences, Philadelphia, PA, and The American Ornithologists’ Union, Washington, D.C."
citation280,Tickell 1968,"TICKELL, W. L. N., 1968. The biology of the great albatrosses Diomedea exulans and Diomedea epomophora. Antarctic Research Ser. 12: 1-55."
citation281,Underhill 1999,"UNDERHILL, L. G., P. A. BARTLETT, L. BAUMANN, R. J. M. CRAWFORD, B. M. DYER, A GILDENHUYS, D. C. NEL, T. B., AND OTHERS. Mortality and survival of African Penguins Spheniscus demersus involved in the Apollo Sea oil spill: an evaluation of rehabilitation efforts. Ibis 141: 29-37"
citation282,Veen 1980,"VEEN, J. 1980. Breeding behaviour and breeding success of a colony of the Little Gulls Larus minutus in the Netherlands. Limosa 53:73-83."
citation283,Verbeek 1993,"VERBEEK, N. A. M. 1993. Glaucous-winged Gull (Larus glaucescens). No. 59 in The Birds of North America, (A. Poole and F. Gill, eds). Philadelphia: The Academy of Natural Sciences; Washington, D.C.: The American Ornithologists’ Union.    "
citation284,Vermeer 1963,"VERMEER, K. 1963. The breeding ecology of the Glaucous-winged Gull (Larus glaucescens) on Mandarte Island. B.C. Occasional Papers, British Columbia Provincial Museum 13:1-104."
citation285,Vermeer 1970,"VERMEER, K. 1970. Breeding biology of California and Ring-billed Gulls: a study of ecological adaptation to the inland habitat. Canadian Wildlife Service Report Series 12:1-52."
citation286,Vermeer et al 1993,"VERMEER, K., K. H. MORGAN AND G. E. J. SMITH. 1993. Nesting biology and mortality of Pigeon Guillemots in the Queen Charlotte Islands, British Columbia. Colon. Waterbirds 16:119-127."
citation287,Volkman and Trivelpiece 1980,"VOLKMAN, N. J., AND S. G. TRIVELPIECE. 1980.Growth in pygoscelid penguin chicks. Journal of Zoology 191: 521-530."
citation288,Vuilleumier 1995,"VUILLEUMIER, F. 1995. A large colony of Ivory Gulls (Pagophila eburnea) on Victoria Island, Russia. Alauda 63: 135-148."
citation289,Wallace and Wallace 1998,"WALLACE, E. A. H., AND G. E. WALLACE. 1998. Brandt’s Cormorant (Phalacrocorax penicillatus). No. 362 in The Birds of North America, (A. Poole and F. Gill, eds.). The Birds of North America, Inc., Philadelphia, PA."
citation290,Wanless et al 1996,"WANLESS, S., M. P. HARRIS, J. CALLADINE, AND P. ROTHERY. 1996. Modelling responses of herring gull and lesser black-backed gull populations to reduction of reproductive output: implications for control measures. Journal of Applied Ecology 33: 1420-1432."
citation291,Warham 1956,"WARHAM, J. 1956. The breeding biology of the Great-winged Petrel Pterodroma macroptera. Ibis 98: 171-185."
citation292,Warham 1990,"WARHAM, J. 1990. The Petrels. Their ecology and breeding systems. Academic Press, London."
citation293,Warham 1996,"WARHAM, J. 1996. The behaviour, population biology and physiology of the Petrels. Academic Press, London."
citation294,Watanuki 1987,"WATANUKI, Y. 1987. Breeding biology and foods of Rhinoceros Auklets on Teuri Island, Japan. Proc. NIPR Symp. Polar Biology. 1: 175-183."
citation295,Waugh et al 1999,"WAUGH, S. M., H. WEIMERSKIRCH, P. J. MOORE AND P. M. SAGAR. 1999. Population dynamics of Black-browed and Grey-headed Albatrosses Diomedea melanophrys and D. chrysostoma at Campbell Island, New Zealand, 1942-96. Ibis 141:216-225."
citation296,Weimerskirch et al 1992,"WIMERSKIRCH,  H., J. C. STAHL AND P. JOUVENTIN. 1992. The breeding biology and population dynamics of the King Penguin Aptenodytes patagonica on the Crozet Islands. Ibis 134: 107-117."
citation297,Welcker 2010,"WELCKER, J. B. MOE, C. BECH, M FLYNN, J. SCHULTNER, J. R. SPEAKMAN, AND G. W. GABRIELSEN. 2010. Evidence for an intrinsic energetic ceiling in free-ranging kittiwakes Rissa tridactyla. Journ. Animal Ecology 79: 205-213."
citation298,Whittow 1993a,"WHITTOW, G. C. 1993a. Black-footed Albatross (Diomedea nigripes). No. 65 in The Birds of North America  (A. Poole and F. Gill, eds.). Philadelphia: The Academy of Natural Sciences; Washington, D. C.: The American Ornithologists’ Union."
citation299,Whittow 1993b,"WHITTOW, G. C. 1993b. Laysan Albatross (Diomedea immutabilis). No. 66 in The Birds of North America (A. Poole and F. Gill, eds.). Philadelphia: The Academy of Natural Sciences; Washington, D. C.: The American Ornithologists’ Union."
citation300,Whittow 1997,"WHITTOW, G. C. 1997. Wedge-tailed Shearwater (Puffiinus pacificus). No. 305 in The Birds of North America  (A. Poole and F. Gill, eds.). Philadelphia: The Academy of Natural Sciences; Washington, D. C.: The American Ornithologists’ Union."
citation301,Wiley and Lee 1999,"WILEY, R. H., AND D. S. LEE. 1999. Parasitic Jaeger (Stercorarus parasiticus). No. 445 in The Birds of North America, (A. Poole and F. Gill, eds.). The Birds of North America, Inc., Philadelphia, PA."
citation302,Wiley and Lee 2000,"WILEY, R. H., AND D. S. LEE. 2000. Pomarine Jaeger (Stercorarius pomarinus). No. 483 in The Birds of North America, (A. Poole and F. Gill, eds.). The Birds of North America, Inc., Philadelphia, PA."
citation303,Williams 1995,"WILLIAMS, T. D. 1995. The Penguins. Oxford University Press, Oxford."
citation304,Winkler 1983,"WINKLER, D. W. 1983. Ecological and Behavioral determinants of clutch size: the California Gull (Larus californicus) in the Great Basin. Ph.D. dissertation, Univ. of California, Berkeley."
citation305,Winkler 1996,"WINKLER, D. W. 1996. California Gull (Larus californicus) No. 259 in The Birds of North America, (A. Poole and F. Gill, eds.). The Academy of Natural Sciences, Philadelphia, PA, and The American Ornithologists’ Union, Washington, D.C."
citation306,Wood 1971,"WOOD, R.C. 1971. Population dynamics of breeding South Polar skuas of unknown age. The Auk 88: 805-814."
citation307,Woodward 1972,"WOODWARD, P. W. 1972. The natural history of Kure Atoll, Northwestern Hawaiian Islands. Atoll Research Bulletin. No. 164."
citation308,Ydenberg 1989,"YDENBERG, R. C. 1989. Growth-mortality trade-offs and the evolution of juvenile life histories in the Alcidae. Ecology 70: 1494-1506."
citation309,Yorio et al 1996,"YARIO, P., P. D. BOERSMA AND S. SWANN. 1996. Breeding biology of the Dolphin Gull at Punta Tombo, Argentina. Condor 98: 208-215."
citation310,Zavalaga et al 2001,"ZAVALAGA, C., A. BERTOLERO, AND M. PLENGE. 2001. The Peruvian Tern, nesting and breeding strategies to reduce predator detection. Pacific Seabirds 28: 59. Abstract."
citation311,Unknown,Unknown
