relation_id,species_id,cite_id
1,Aethia cristatella,citation308
2,Aethia cristatella,citation208
3,Aethia cristatella,citation146
4,Aethia cristatella,citation97
5,Aethia psittacula,citation60
6,Aethia psittacula,citation308
7,Aethia psittacula,citation186
8,Aethia pusilla,citation238
9,Aethia pusilla,citation60
10,Aethia pusilla,citation308
11,Aethia pusilla,citation147
12,Aethia pusilla,citation145
13,Aethia pygmaea,citation45
14,Aethia pygmaea,citation186
15,Aethia pygmaea,citation137
16,Alca torda,citation60
17,Alca torda,citation120
18,Alca torda,citation308
19,Alca torda,citation97
20,Alca torda,citation156
21,Alca torda,citation33
22,Alle alle,citation60
23,Alle alle,citation97
24,Alle alle,citation308
25,Brachyramphus brevirostris,citation308
26,Brachyramphus brevirostris,citation186
27,Brachyramphus brevirostris,citation66
28,Brachyramphus marmoratus,citation60
29,Brachyramphus marmoratus,citation308
30,Brachyramphus marmoratus,citation185
31,Brachyramphus marmoratus,citation184
32,Brachyramphus marmoratus,citation200
33,Brachyramphus marmoratus,citation19
34,Brachyramphus perdix,citation186
35,Cepphus carbo,citation123
36,Cepphus carbo,citation186
37,Cepphus columba,citation60
38,Cepphus columba,citation308
39,Cepphus columba,citation86
40,Cepphus columba,citation286
41,Cepphus columba,citation16
42,Cepphus grylle,citation204
43,Cepphus grylle,citation60
44,Cepphus grylle,citation308
45,Cepphus grylle,citation16
46,Cerorhinca monocerata,citation294
47,Cerorhinca monocerata,citation308
48,Cerorhinca monocerata,citation97
49,Cerorhinca monocerata,citation95
50,Cerorhinca monocerata,citation16
51,Fratercula arctica,citation8
52,Fratercula arctica,citation60
53,Fratercula arctica,citation308
54,Fratercula arctica,citation33
55,Fratercula arctica,citation16
56,Fratercula arctica,citation28
57,Fratercula cirrhata,citation123
58,Fratercula cirrhata,citation60
59,Fratercula cirrhata,citation308
60,Fratercula cirrhata,citation186
61,Fratercula corniculata,citation60
62,Fratercula corniculata,citation308
63,Fratercula corniculata,citation186
64,Pinguinus impennis,citation169
65,Ptychoramphus aleuticus,citation60
66,Ptychoramphus aleuticus,citation308
67,Ptychoramphus aleuticus,citation161
68,Ptychoramphus aleuticus,citation160
69,Ptychoramphus aleuticus,citation273
70,Ptychoramphus aleuticus,citation217
71,Ptychoramphus aleuticus,citation16
72,Synthliboramphus antiquus,citation100
73,Synthliboramphus antiquus,citation308
74,Synthliboramphus antiquus,citation94
75,Synthliboramphus craveri,citation60
76,Synthliboramphus craveri,citation308
77,Synthliboramphus craveri,citation67
78,Synthliboramphus craveri,citation186
79,Synthliboramphus hypoleucus,citation123
80,Synthliboramphus hypoleucus,citation308
81,Synthliboramphus hypoleucus,citation74
82,Synthliboramphus scrippsi,citation191
83,Synthliboramphus wumizusume,citation123
84,Synthliboramphus wumizusume,citation186
85,Uria aalge,citation264
86,Uria aalge,citation308
87,Uria aalge,citation121
88,Uria aalge,citation122
89,Uria aalge,citation16
90,Uria aalge,citation33
91,Uria aalge,citation231
92,Uria aalge,citation41
93,Uria aalge,citation159
94,Uria lomvia,citation98
95,Uria lomvia,citation308
96,Uria lomvia,citation99
97,Uria lomvia,citation96
98,Uria lomvia,citation16
99,Anhinga anhinga,citation191
100,Anhinga melanogaster,citation191
101,Anhinga novaehollandiae,citation191
102,Anhinga rufa,citation191
103,Agamia agami,citation191
104,Ardea alba,citation191
105,Ardea brachyrhyncha,citation191
106,Ardea cinerea,citation191
107,Ardea cocoi,citation191
108,Ardea goliath,citation191
109,Ardea herodias,citation191
110,Ardea humbloti,citation191
111,Ardea insignis,citation191
112,Ardea intermedia,citation191
113,Ardea melanocephala,citation191
114,Ardea pacifica,citation191
115,Ardea plumifera,citation191
116,Ardea purpurea,citation191
117,Ardea sumatrana,citation191
118,Ardeola bacchus,citation191
119,Ardeola grayii,citation191
120,Ardeola idae,citation191
121,Ardeola ralloides,citation191
122,Ardeola rufiventris,citation191
123,Ardeola speciosa,citation191
124,Botaurus lentiginosus,citation191
125,Botaurus pinnatus,citation191
126,Botaurus poiciloptilus,citation191
127,Botaurus stellaris,citation191
128,Bubulcus ibis,citation191
129,Butorides striata,citation191
130,Calherodius leuconotus,citation191
131,Cochlearius cochlearius,citation191
132,Egretta ardesiaca,citation191
133,Egretta caerulea,citation191
134,Egretta eulophotes,citation191
135,Egretta garzetta,citation191
136,Egretta gularis,citation191
137,Egretta novaehollandiae,citation191
138,Egretta picata,citation191
139,Egretta rufescens,citation191
140,Egretta sacra,citation191
141,Egretta thula,citation191
142,Egretta tricolor,citation191
143,Egretta vinaceigula,citation191
144,Gorsachius goisagi,citation191
145,Gorsachius magnificus,citation191
146,Gorsachius melanolophus,citation191
147,Ixobrychus cinnamomeus,citation191
148,Ixobrychus dubius,citation191
149,Ixobrychus eurhythmus,citation191
150,Ixobrychus exilis,citation191
151,Ixobrychus flavicollis,citation191
152,Ixobrychus involucris,citation191
153,Ixobrychus minutus,citation191
154,Ixobrychus novaezelandiae,citation191
155,Ixobrychus sinensis,citation191
156,Ixobrychus sturmii,citation191
157,Nyctanassa carcinocatactes,citation191
158,Nyctanassa violacea,citation191
159,Nycticorax caledonicus,citation191
160,Nycticorax duboisi,citation191
161,Nycticorax mauritianus,citation191
162,Nycticorax megacephalus,citation191
163,Nycticorax nycticorax,citation191
164,Pilherodius pileatus,citation191
165,Syrigma sibilatrix,citation191
166,Tigriornis leucolopha,citation191
167,Tigrisoma fasciatum,citation191
168,Tigrisoma lineatum,citation191
169,Tigrisoma mexicanum,citation191
170,Zebrilus undulatus,citation191
171,Zonerodius heliosylus,citation191
172,Balaeniceps rex,citation191
173,Burhinus bistriatus,citation191
174,Burhinus capensis,citation191
175,Burhinus grallarius,citation191
176,Burhinus indicus,citation191
177,Burhinus oedicnemus,citation191
178,Burhinus senegalensis,citation191
179,Burhinus superciliaris,citation191
180,Burhinus vermiculatus,citation191
181,Esacus magnirostris,citation191
182,Esacus recurvirostris,citation191
183,Anarhynchus frontalis,citation191
184,Charadrius alexandrinus,citation191
185,Charadrius alticola,citation191
186,Charadrius aquilonius,citation191
187,Charadrius asiaticus,citation191
188,Charadrius bicinctus,citation191
189,Charadrius bifrontatus,citation191
190,Charadrius collaris,citation191
191,Charadrius dealbatus,citation191
192,Charadrius dubius,citation191
193,Charadrius falklandicus,citation191
194,Charadrius forbesi,citation191
195,Charadrius hiaticula,citation191
196,Charadrius javanicus,citation191
197,Charadrius leschenaultii,citation191
198,Charadrius marginatus,citation191
199,Charadrius melodus,citation191
200,Charadrius modestus,citation191
201,Charadrius mongolus,citation191
202,Charadrius montanus,citation191
203,Charadrius nivosus,citation191
204,Charadrius obscurus,citation191
205,Charadrius pallidus,citation191
206,Charadrius pecuarius,citation191
207,Charadrius peronii,citation191
208,Charadrius placidus,citation191
209,Charadrius ruficapillus,citation191
210,Charadrius sanctaehelenae,citation191
211,Charadrius semipalmatus,citation191
212,Charadrius thoracicus,citation191
213,Charadrius tricollaris,citation191
214,Charadrius veredus,citation191
215,Charadrius vociferus,citation191
216,Charadrius wilsonia,citation191
217,Elseyornis melanops,citation191
218,Erythrogonys cinctus,citation191
219,Eudromias morinellus,citation191
220,Hoploxypterus cayanus,citation191
221,Oreopholus ruficollis,citation191
222,Peltohyas australis,citation191
223,Phegornis mitchellii,citation191
224,Pluvialis apricaria,citation191
225,Pluvialis dominica,citation191
226,Pluvialis fulva,citation191
227,Pluvialis squatarola,citation191
228,Thinornis cucullatus,citation191
229,Thinornis novaeseelandiae,citation191
230,Vanellus albiceps,citation191
231,Vanellus armatus,citation191
232,Vanellus chilensis,citation191
233,Vanellus cinereus,citation191
234,Vanellus coronatus,citation191
235,Vanellus crassirostris,citation191
236,Vanellus duvaucelii,citation191
237,Vanellus gregarius,citation191
238,Vanellus indicus,citation191
239,Vanellus leucurus,citation191
240,Vanellus lugubris,citation191
241,Vanellus macropterus,citation191
242,Vanellus malarbaricus,citation191
243,Vanellus melanocephalus,citation191
244,Vanellus melanopterus,citation191
245,Vanellus miles,citation191
246,Vanellus novaehollandiae,citation191
247,Vanellus resplendens,citation191
248,Vanellus senegallus,citation191
249,Vanellus spinosus,citation191
250,Vanellus superciliosus,citation191
251,Vanellus tectus,citation191
252,Vanellus tricolor,citation191
253,Vanellus vanellus,citation191
254,Chionis albus,citation191
255,Chionis minor,citation191
256,Diomedea amsterdamensis,citation123
257,Diomedea amsterdamensis,citation46
258,Diomedea antipodensis,citation123
259,Diomedea dabbenena,citation123
260,Diomedea epomophora,citation280
261,Diomedea epomophora,citation60
262,Diomedea epomophora,citation162
263,Diomedea exulans,citation280
264,Diomedea exulans,citation61
265,Diomedea exulans,citation60
266,Diomedea exulans,citation162
267,Diomedea exulans,citation256
268,Diomedea exulans,citation16
269,Diomedea sanfordi,citation123
270,Diomedea sanfordi,citation292
271,Phoebastria albatrus,citation46
272,Phoebastria immutabilis,citation88
273,Phoebastria immutabilis,citation299
274,Phoebastria immutabilis,citation16
275,Phoebastria irrorata,citation117
276,Phoebastria irrorata,citation46
277,Phoebastria nigripes,citation298
278,Phoebastria nigripes,citation235
279,Phoebastria nigripes,citation16
280,Phoebetria fusca,citation60
281,Phoebetria fusca,citation162
282,Phoebetria fusca,citation292
283,Phoebetria palpebrata,citation60
284,Phoebetria palpebrata,citation162
285,Phoebetria palpebrata,citation292
286,Thalassarche bulleri,citation162
287,Thalassarche bulleri,citation46
288,Thalassarche bulleri,citation241
289,Thalassarche bulleri,citation242
290,Thalassarche carteri,citation46
291,Thalassarche cauta,citation162
292,Thalassarche cauta,citation46
293,Thalassarche chlororhynchos,citation60
294,Thalassarche chlororhynchos,citation162
295,Thalassarche chrysostoma,citation58
296,Thalassarche chrysostoma,citation61
297,Thalassarche chrysostoma,citation60
298,Thalassarche chrysostoma,citation162
299,Thalassarche eremita,citation123
300,Thalassarche impavida,citation162
301,Thalassarche impavida,citation295
302,Thalassarche melanophris,citation61
303,Thalassarche melanophris,citation58
304,Thalassarche melanophris,citation60
305,Thalassarche salvini,citation123
306,Thalassarche steadi,citation191
307,Fregata andrewsi,citation162
308,Fregata andrewsi,citation197
309,Fregata aquila,citation197
310,Fregata aquila,citation271
311,Fregata ariel,citation68
312,Fregata ariel,citation162
313,Fregata ariel,citation248
314,Fregata ariel,citation16
315,Fregata magnificens,citation203
316,Fregata magnificens,citation48
317,Fregata magnificens,citation69
318,Fregata minor,citation68
319,Fregata minor,citation162
320,Fregata minor,citation248
321,Fregata minor,citation16
322,Cursorius coromandelicus,citation191
323,Cursorius cursor,citation191
324,Cursorius rufus,citation191
325,Cursorius somalensis,citation191
326,Cursorius temminckii,citation191
327,Glareola cinerea,citation191
328,Glareola lactea,citation191
329,Glareola maldivarum,citation191
330,Glareola nordmanni,citation191
331,Glareola nuchalis,citation191
332,Glareola ocularis,citation191
333,Glareola pratincola,citation191
334,Rhinoptilus bitorquatus,citation191
335,Rhinoptilus chalcopterus,citation191
336,Rhinoptilus cinctus,citation191
337,Smutsornis africanus,citation191
338,Stiltia isabella,citation191
339,Haematopus ater,citation191
340,Haematopus chathamensis,citation191
341,Haematopus fuliginosus,citation191
342,Haematopus leucopodus,citation191
343,Haematopus longirostris,citation191
344,Haematopus meadewaldoi,citation191
345,Haematopus moquini,citation191
346,Haematopus ostralegus,citation191
347,Haematopus palliatus,citation191
348,Haematopus unicolor,citation191
349,Hydrobates castro,citation292
350,Hydrobates castro,citation46
351,Hydrobates furcatus,citation60
352,Hydrobates furcatus,citation292
353,Hydrobates furcatus,citation293
354,Hydrobates furcatus,citation16
355,Hydrobates homochroa,citation2
356,Hydrobates homochroa,citation292
357,Hydrobates homochroa,citation293
358,Hydrobates homochroa,citation1
359,Hydrobates homochroa,citation16
360,Hydrobates hornbyi,citation46
361,Hydrobates leucorhous,citation56
362,Hydrobates leucorhous,citation234
363,Hydrobates leucorhous,citation3
364,Hydrobates leucorhous,citation292
365,Hydrobates leucorhous,citation293
366,Hydrobates leucorhous,citation138
367,Hydrobates leucorhous,citation16
368,Hydrobates macrodactylus,citation191
369,Hydrobates markhami,citation292
370,Hydrobates markhami,citation46
371,Hydrobates matsudairae,citation162
372,Hydrobates matsudairae,citation46
373,Hydrobates melania,citation292
374,Hydrobates melania,citation46
375,Hydrobates microsoma,citation46
376,Hydrobates monorhis,citation46
377,Hydrobates monteiroi,citation26
378,Hydrobates pelagicus,citation60
379,Hydrobates pelagicus,citation292
380,Hydrobates pelagicus,citation293
381,Hydrobates tethys,citation46
382,Hydrobates tristrami,citation292
383,Hydrobates tristrami,citation46
384,Ibidorhyncha struthersii,citation191
385,Actophilornis africanus,citation191
386,Actophilornis albinucha,citation191
387,Hydrophasianus chirurgus,citation191
388,Irediparra gallinacea,citation191
389,Jacana jacana,citation191
390,Jacana spinosa,citation191
391,Metopidius indicus,citation191
392,Microparra capensis,citation191
393,Anous minutus,citation275
394,Anous minutus,citation101
395,Anous stolidus,citation32
396,Anous stolidus,citation16
397,Anous tenuirostris,citation102
398,Anous tenuirostris,citation224
399,Chlidonias albostriatus,citation102
400,Chlidonias hybrida,citation102
401,Chlidonias hybrida,citation12
402,Chlidonias leucopterus,citation102
403,Chlidonias niger,citation80
404,Chlidonias niger,citation102
405,Chlidonias niger,citation16
406,Chlidonias niger,citation258
407,Creagrus furcatus,citation119
408,Creagrus furcatus,citation40
409,Creagrus furcatus,citation267
410,Gelochelidon macrotarsa,citation191
411,Gelochelidon nilotica,citation21
412,Gelochelidon nilotica,citation252
413,Gelochelidon nilotica,citation201
414,Gelochelidon nilotica,citation16
415,Gygis alba,citation182
416,Gygis alba,citation248
417,Gygis alba,citation16
418,Gygis microrhyncha,citation102
419,Gygis microrhyncha,citation132
420,Hydrocoloeus minutus,citation282
421,Hydrocoloeus minutus,citation87
422,Hydroprogne caspia,citation221
423,Hydroprogne caspia,citation102
424,Hydroprogne caspia,citation65
425,Hydroprogne caspia,citation16
426,Hydroprogne caspia,citation14
427,Larosterna inca,citation102
428,Larus argentatus,citation150
429,Larus argentatus,citation209
430,Larus argentatus,citation210
431,Larus argentatus,citation79
432,Larus argentatus,citation212
433,Larus argentatus,citation40
434,Larus argentatus,citation16
435,Larus argentatus,citation33
436,Larus argentatus,citation213
437,Larus argentatus,citation49
438,Larus argentatus,citation214
439,Larus argentatus,citation29
440,Larus armenicus,citation40
441,Larus atlanticus,citation40
442,Larus atricilla,citation249
443,Larus atricilla,citation246
444,Larus atricilla,citation38
445,Larus audouinii,citation40
446,Larus belcheri,citation40
447,Larus brunnicephalus,citation40
448,Larus bulleri,citation40
449,Larus cachinnans,citation191
450,Larus californicus,citation304
451,Larus californicus,citation305
452,Larus californicus,citation40
453,Larus californicus,citation16
454,Larus canus,citation40
455,Larus cirrocephalus,citation40
456,Larus crassirostris,citation40
457,Larus delawarensis,citation285
458,Larus delawarensis,citation84
459,Larus delawarensis,citation240
460,Larus delawarensis,citation40
461,Larus dominicanus,citation132
462,Larus dominicanus,citation166
463,Larus dominicanus,citation167
464,Larus dominicanus,citation40
465,Larus dominicanus,citation168
466,Larus dominicanus,citation5
467,Larus fuliginosus,citation40
468,Larus fuscus,citation114
469,Larus fuscus,citation40
470,Larus fuscus,citation214
471,Larus fuscus,citation290
472,Larus genei,citation40
473,Larus genei,citation195
474,Larus glaucescens,citation284
475,Larus glaucescens,citation283
476,Larus glaucescens,citation40
477,Larus glaucescens,citation16
478,Larus glaucescens,citation229
479,Larus glaucoides,citation40
480,Larus hartlaubii,citation40
481,Larus heermanni,citation40
482,Larus hemprichii,citation40
483,Larus hyperboreus,citation40
484,Larus ichthyaetus,citation114
485,Larus ichthyaetus,citation40
486,Larus leucophthalmus,citation40
487,Larus livens,citation47
488,Larus livens,citation40
489,Larus livens,citation202
490,Larus maculipennis,citation40
491,Larus marinus,citation56
492,Larus marinus,citation40
493,Larus marinus,citation105
494,Larus marinus,citation16
495,Larus melanocephalus,citation40
496,Larus michahellis,citation40
497,Larus modestus,citation40
498,Larus novaehollandiae,citation188
499,Larus novaehollandiae,citation123
500,Larus novaehollandiae,citation40
501,Larus occidentalis,citation20
502,Larus occidentalis,citation47
503,Larus occidentalis,citation211
504,Larus occidentalis,citation40
505,Larus occidentalis,citation16
506,Larus occidentalis,citation265
507,Larus pacificus,citation40
508,Larus philadelphia,citation40
509,Larus pipixcan,citation35
510,Larus pipixcan,citation36
511,Larus pipixcan,citation39
512,Larus pipixcan,citation16
513,Larus relictus,citation40
514,Larus ridibundus,citation40
515,Larus ridibundus,citation267
516,Larus ridibundus,citation216
517,Larus schistisagus,citation40
518,Larus scopulinus,citation132
519,Larus scopulinus,citation167
520,Larus scopulinus,citation168
521,Larus scoresbii,citation309
522,Larus serranus,citation40
523,Larus smithsonianus,citation191
524,Larus thayeri,citation40
525,Onychoprion aleuticus,citation10
526,Onychoprion aleuticus,citation192
527,Onychoprion anaethetus,citation113
528,Onychoprion anaethetus,citation132
529,Onychoprion anaethetus,citation76
530,Onychoprion anaethetus,citation77
531,Onychoprion fuscatus,citation102
532,Onychoprion fuscatus,citation16
533,Onychoprion lunatus,citation6
534,Onychoprion lunatus,citation172
535,Pagophila eburnea,citation56
536,Pagophila eburnea,citation112
537,Pagophila eburnea,citation267
538,Pagophila eburnea,citation268
539,Pagophila eburnea,citation288
540,Phaetusa simplex,citation102
541,Procelsterna albivitta,citation102
542,Procelsterna cerulea,citation102
543,Rhodostethia rosea,citation40
544,Rhodostethia rosea,citation267
545,Rissa brevirostris,citation44
546,Rissa brevirostris,citation128
547,Rissa brevirostris,citation40
548,Rissa brevirostris,citation297
549,Rissa brevirostris,citation16
550,Rissa tridactyla,citation54
551,Rissa tridactyla,citation55
552,Rissa tridactyla,citation128
553,Rissa tridactyla,citation11
554,Rissa tridactyla,citation267
555,Rissa tridactyla,citation16
556,Rissa tridactyla,citation33
557,Rissa tridactyla,citation239
558,Rynchops albicollis,citation102
559,Rynchops flavirostris,citation102
560,Rynchops niger,citation221
561,Rynchops niger,citation102
562,Rynchops niger,citation16
563,Rynchops niger,citation71
564,Saundersilarus saundersi,citation40
565,Sterna acuticauda,citation102
566,Sterna aurantia,citation102
567,Sterna aurantia,citation180
568,Sterna dougallii,citation189
569,Sterna dougallii,citation103
570,Sterna dougallii,citation266
571,Sterna dougallii,citation16
572,Sterna dougallii,citation222
573,Sterna dougallii,citation171
574,Sterna forsteri,citation102
575,Sterna hirundinacea,citation102
576,Sterna hirundinacea,citation274
577,Sterna hirundo,citation9
578,Sterna hirundo,citation104
579,Sterna hirundo,citation237
580,Sterna hirundo,citation190
581,Sterna hirundo,citation16
582,Sterna hirundo,citation72
583,Sterna paradisaea,citation63
584,Sterna paradisaea,citation155
585,Sterna paradisaea,citation236
586,Sterna paradisaea,citation237
587,Sterna paradisaea,citation267
588,Sterna paradisaea,citation16
589,Sterna repressa,citation102
590,Sterna striata,citation102
591,Sterna sumatrana,citation155
592,Sterna sumatrana,citation102
593,Sterna trudeaui,citation102
594,Sterna virgata,citation102
595,Sterna virgata,citation132
596,Sterna vittata,citation102
597,Sterna vittata,citation132
598,Sternula albifrons,citation102
599,Sternula albifrons,citation134
600,Sternula albifrons,citation196
601,Sternula albifrons,citation243
602,Sternula antillarum,citation130
603,Sternula antillarum,citation164
604,Sternula antillarum,citation53
605,Sternula antillarum,citation279
606,Sternula antillarum,citation16
607,Sternula balaenarum,citation102
608,Sternula lorata,citation102
609,Sternula lorata,citation310
610,Sternula nereis,citation102
611,Sternula saundersi,citation102
612,Sternula superciliaris,citation102
613,Thalasseus bengalensis,citation102
614,Thalasseus bergii,citation155
615,Thalasseus bergii,citation102
616,Thalasseus bernsteini,citation102
617,Thalasseus elegans,citation244
618,Thalasseus elegans,citation43
619,Thalasseus maximus,citation102
620,Thalasseus maximus,citation16
621,Thalasseus maximus,citation52
622,Thalasseus sandvicensis acuflavida,citation154
623,Thalasseus sandvicensis acuflavida,citation257
624,Thalasseus sandvicensis acuflavida,citation16
625,Thalasseus sandvicensis eurygnatha,citation257
626,Xema sabini,citation40
627,Xema sabini,citation267
628,Fregetta grallaria,citation60
629,Fregetta grallaria,citation292
630,Fregetta grallaria,citation293
631,Fregetta maoriana,citation51
632,Fregetta tropica,citation60
633,Fregetta tropica,citation292
634,Fregetta tropica,citation293
635,Garrodia nereis,citation60
636,Garrodia nereis,citation292
637,Garrodia nereis,citation293
638,Nesofregetta fuliginosa,citation46
639,Nesofregetta fuliginosa,citation248
640,Oceanites gracilis,citation46
641,Oceanites gracilis galapagoensis,citation191
642,Oceanites oceanicus,citation58
643,Oceanites oceanicus,citation60
644,Oceanites oceanicus,citation293
645,Oceanites oceanicus chilensis,citation124
646,Oceanites oceanicus exasperatus,citation18
647,Oceanites oceanicus oceanicus,citation149
648,Oceanites pincoyae,citation124
649,Pelagodroma marina,citation60
650,Pelagodroma marina,citation292
651,Pelagodroma marina,citation293
652,Pedionomus torquatus,citation191
653,Pelecanus conspicillatus,citation162
654,Pelecanus conspicillatus,citation143
655,Pelecanus crispus,citation57
656,Pelecanus crispus,citation143
657,Pelecanus erythrorhynchos,citation85
658,Pelecanus erythrorhynchos,citation143
659,Pelecanus occidentalis,citation245
660,Pelecanus occidentalis,citation203
661,Pelecanus occidentalis,citation143
662,Pelecanus onocrotalus,citation220
663,Pelecanus onocrotalus,citation129
664,Pelecanus onocrotalus,citation46
665,Pelecanus onocrotalus,citation143
666,Pelecanus philippensis,citation181
667,Pelecanus philippensis,citation143
668,Pelecanus rufescens,citation42
669,Pelecanus rufescens,citation70
670,Pelecanus rufescens,citation143
671,Pelecanus thagus,citation191
672,Phaethon aethereus,citation269
673,Phaethon aethereus,citation119
674,Phaethon aethereus,citation197
675,Phaethon lepturus,citation269
676,Phaethon lepturus,citation162
677,Phaethon lepturus,citation158
678,Phaethon lepturus,citation225
679,Phaethon rubricauda,citation89
680,Phaethon rubricauda,citation162
681,Phaethon rubricauda,citation247
682,Phaethon rubricauda,citation16
683,Phaethon rubricauda,citation251
684,Microcarbo africanus,citation197
685,Microcarbo africanus,citation143
686,Microcarbo coronatus,citation197
687,Microcarbo coronatus,citation143
688,Microcarbo melanoleucos,citation162
689,Microcarbo melanoleucos,citation197
690,Microcarbo niger,citation197
691,Microcarbo niger,citation143
692,Microcarbo pygmaeus,citation197
693,Microcarbo pygmaeus,citation143
694,Phalacrocorax bransfieldensis,citation162
695,Phalacrocorax bransfieldensis,citation197
696,Phalacrocorax georgianus,citation162
697,Phalacrocorax georgianus,citation197
698,Phalacrocorax aristotelis,citation215
699,Phalacrocorax aristotelis,citation50
700,Phalacrocorax aristotelis,citation143
701,Phalacrocorax aristotelis,citation33
702,Phalacrocorax atriceps,citation162
703,Phalacrocorax atriceps,citation143
704,Phalacrocorax auritus,citation50
705,Phalacrocorax auritus,citation78
706,Phalacrocorax auritus,citation260
707,Phalacrocorax auritus,citation83
708,Phalacrocorax auritus,citation127
709,Phalacrocorax bougainvilliorum,citation197
710,Phalacrocorax brasilianus,citation199
711,Phalacrocorax brasilianus,citation277
712,Phalacrocorax campbelli,citation162
713,Phalacrocorax campbelli,citation197
714,Phalacrocorax capensis,citation197
715,Phalacrocorax capensis,citation143
716,Phalacrocorax capillatus,citation143
717,Phalacrocorax carbo,citation50
718,Phalacrocorax carbo,citation162
719,Phalacrocorax carbo,citation143
720,Phalacrocorax carbo,citation91
721,Phalacrocorax carunculatus,citation162
722,Phalacrocorax carunculatus,citation197
723,Phalacrocorax chalconotus,citation197
724,Phalacrocorax colensoi,citation162
725,Phalacrocorax colensoi,citation197
726,Phalacrocorax featherstoni,citation197
727,Phalacrocorax fuscescens,citation162
728,Phalacrocorax fuscescens,citation197
729,Phalacrocorax fuscicollis,citation197
730,Phalacrocorax gaimardi,citation197
731,Phalacrocorax gaimardi,citation143
732,Phalacrocorax harrisi,citation118
733,Phalacrocorax harrisi,citation197
734,Phalacrocorax harrisi,citation143
735,Phalacrocorax magellanicus,citation197
736,Phalacrocorax neglectus,citation197
737,Phalacrocorax nigrogularis,citation197
738,Phalacrocorax nigrogularis,citation143
739,Phalacrocorax onslowi,citation162
740,Phalacrocorax onslowi,citation197
741,Phalacrocorax pelagicus,citation50
742,Phalacrocorax pelagicus,citation133
743,Phalacrocorax pelagicus,citation16
744,Phalacrocorax penicillatus,citation23
745,Phalacrocorax penicillatus,citation24
746,Phalacrocorax penicillatus,citation143
747,Phalacrocorax penicillatus,citation83
748,Phalacrocorax penicillatus,citation289
749,Phalacrocorax penicillatus,citation16
750,Phalacrocorax perspicillatus,citation191
751,Phalacrocorax punctatus,citation162
752,Phalacrocorax punctatus,citation197
753,Phalacrocorax punctatus,citation143
754,Phalacrocorax ranfurlyi,citation162
755,Phalacrocorax ranfurlyi,citation197
756,Phalacrocorax sulcirostris,citation162
757,Phalacrocorax sulcirostris,citation197
758,Phalacrocorax urile,citation50
759,Phalacrocorax urile,citation197
760,Phalacrocorax urile,citation143
761,Phalacrocorax varius,citation162
762,Phalacrocorax verrucosus,citation162
763,Pluvianellus socialis,citation191
764,Pluvianus aegyptius,citation191
765,Aphrodroma brevirostris,citation60
766,Aphrodroma brevirostris,citation292
767,Aphrodroma brevirostris,citation46
768,Ardenna bulleri,citation162
769,Ardenna bulleri,citation292
770,Ardenna bulleri,citation46
771,Ardenna carneipes,citation162
772,Ardenna carneipes,citation292
773,Ardenna carneipes,citation46
774,Ardenna carneipes,citation13
775,Ardenna creatopus,citation162
776,Ardenna creatopus,citation292
777,Ardenna creatopus,citation46
778,Ardenna gravis,citation162
779,Ardenna gravis,citation292
780,Ardenna gravis,citation46
781,Ardenna grisea,citation233
782,Ardenna grisea,citation60
783,Ardenna grisea,citation46
784,Ardenna pacifica,citation90
785,Ardenna pacifica,citation162
786,Ardenna pacifica,citation292
787,Ardenna pacifica,citation300
788,Ardenna pacifica,citation16
789,Ardenna pacifica,citation64
790,Ardenna tenuirostris,citation253
791,Ardenna tenuirostris,citation58
792,Ardenna tenuirostris,citation60
793,Ardenna tenuirostris,citation109
794,Ardenna tenuirostris,citation64
795,Bulweria bifax,citation191
796,Bulweria bulwerii,citation6
797,Bulweria bulwerii,citation174
798,Bulweria bulwerii,citation162
799,Bulweria bulwerii,citation292
800,Bulweria bulwerii,citation165
801,Bulweria fallax,citation46
802,Calonectris borealis,citation162
803,Calonectris borealis,citation111
804,Calonectris borealis,citation110
805,Calonectris borealis,citation108
806,Calonectris borealis,citation223
807,Calonectris borealis,citation226
808,Calonectris diomedea,citation176
809,Calonectris diomedea,citation177
810,Calonectris diomedea,citation178
811,Calonectris diomedea,citation179
812,Calonectris diomedea,citation292
813,Calonectris diomedea,citation272
814,Calonectris diomedea,citation278
815,Calonectris diomedea,citation293
816,Calonectris edwardsii,citation205
817,Calonectris edwardsii,citation131
818,Calonectris leucomelas,citation162
819,Calonectris leucomelas,citation292
820,Calonectris leucomelas,citation46
821,Daption capense,citation135
822,Daption capense,citation60
823,Daption capense,citation162
824,Daption capense,citation292
825,Daption capense,citation16
826,Fulmarus glacialis,citation81
827,Fulmarus glacialis,citation82
828,Fulmarus glacialis,citation173
829,Fulmarus glacialis,citation125
830,Fulmarus glacialis,citation33
831,Fulmarus glacialis,citation126
832,Fulmarus glacialis,citation207
833,Fulmarus glacialis,citation16
834,Fulmarus glacialis,citation34
835,Fulmarus glacialoides,citation173
836,Fulmarus glacialoides,citation58
837,Fulmarus glacialoides,citation60
838,Fulmarus glacialoides,citation162
839,Fulmarus glacialoides,citation292
840,Halobaena caerulea,citation60
841,Halobaena caerulea,citation162
842,Halobaena caerulea,citation292
843,Halobaena caerulea,citation293
844,Macronectes giganteus,citation58
845,Macronectes giganteus,citation136
846,Macronectes giganteus,citation60
847,Macronectes giganteus,citation187
848,Macronectes giganteus,citation162
849,Macronectes halli,citation60
850,Macronectes halli,citation162
851,Macronectes halli,citation292
852,Pachyptila belcheri,citation60
853,Pachyptila belcheri,citation162
854,Pachyptila crassirostris,citation162
855,Pachyptila desolata,citation58
856,Pachyptila desolata,citation60
857,Pachyptila desolata,citation162
858,Pachyptila salvini,citation58
859,Pachyptila salvini,citation60
860,Pachyptila salvini,citation162
861,Pachyptila salvini,citation292
862,Pachyptila salvini,citation293
863,Pachyptila turtur,citation60
864,Pachyptila turtur,citation162
865,Pachyptila turtur,citation292
866,Pachyptila turtur,citation293
867,Pachyptila vittata,citation60
868,Pachyptila vittata,citation162
869,Pachyptila vittata,citation292
870,Pachyptila vittata,citation293
871,Pagodroma nivea,citation31
872,Pagodroma nivea,citation135
873,Pagodroma nivea,citation58
874,Pagodroma nivea,citation162
875,Pagodroma nivea,citation46
876,Pelecanoides garnotii,citation292
877,Pelecanoides garnotii,citation46
878,Pelecanoides georgicus,citation60
879,Pelecanoides georgicus,citation292
880,Pelecanoides georgicus,citation293
881,Pelecanoides georgicus,citation46
882,Pelecanoides magellani,citation46
883,Pelecanoides urinatrix,citation58
884,Pelecanoides urinatrix,citation162
885,Pelecanoides urinatrix,citation292
886,Pelecanoides urinatrix,citation293
887,Pelecanoides urinatrix exsul,citation60
888,Procellaria aequinoctialis,citation60
889,Procellaria aequinoctialis,citation292
890,Procellaria aequinoctialis,citation293
891,Procellaria cinerea,citation60
892,Procellaria cinerea,citation162
893,Procellaria cinerea,citation292
894,Procellaria cinerea,citation293
895,Procellaria conspicillata,citation292
896,Procellaria conspicillata,citation293
897,Procellaria conspicillata,citation46
898,Procellaria parkinsoni,citation139
899,Procellaria parkinsoni,citation174
900,Procellaria parkinsoni,citation175
901,Procellaria parkinsoni,citation162
902,Procellaria parkinsoni,citation46
903,Procellaria westlandica,citation162
904,Procellaria westlandica,citation292
905,Procellaria westlandica,citation46
906,Procellaria westlandica,citation153
907,Pseudobulweria aterrima,citation292
908,Pseudobulweria aterrima,citation46
909,Pseudobulweria becki,citation123
910,Pseudobulweria becki,citation292
911,Pseudobulweria becki,citation218
912,Pseudobulweria macgillivrayi,citation292
913,Pseudobulweria macgillivrayi,citation46
914,Pseudobulweria rostrata,citation162
915,Pseudobulweria rostrata,citation292
916,Pterdroma occulta,citation140
917,Pterodroma alba,citation162
918,Pterodroma alba,citation46
919,Pterodroma arminjoniana,citation162
920,Pterodroma arminjoniana,citation46
921,Pterodroma atrata,citation46
922,Pterodroma axillaris,citation162
923,Pterodroma baraui,citation162
924,Pterodroma baraui,citation27
925,Pterodroma brevipes,citation46
926,Pterodroma cahow,citation292
927,Pterodroma cahow,citation46
928,Pterodroma caribbaea,citation46
929,Pterodroma cervicalis,citation162
930,Pterodroma cervicalis,citation110
931,Pterodroma cookii,citation162
932,Pterodroma defilippiana,citation46
933,Pterodroma deserta,citation191
934,Pterodroma externa,citation162
935,Pterodroma externa,citation46
936,Pterodroma feae,citation292
937,Pterodroma feae,citation46
938,Pterodroma gouldi,citation191
939,Pterodroma hasitata,citation292
940,Pterodroma hasitata,citation46
941,Pterodroma heraldica,citation162
942,Pterodroma heraldica,citation46
943,Pterodroma hypoleuca,citation106
944,Pterodroma hypoleuca,citation292
945,Pterodroma hypoleuca,citation254
946,Pterodroma hypoleuca,citation16
947,Pterodroma incerta,citation292
948,Pterodroma incerta,citation46
949,Pterodroma incerta,citation110
950,Pterodroma inexpectata,citation60
951,Pterodroma inexpectata,citation292
952,Pterodroma inexpectata,citation293
953,Pterodroma inexpectata,citation46
954,Pterodroma lessonii,citation60
955,Pterodroma lessonii,citation292
956,Pterodroma leucoptera,citation162
957,Pterodroma longirostris,citation162
958,Pterodroma longirostris,citation46
959,Pterodroma macroptera,citation291
960,Pterodroma macroptera,citation60
961,Pterodroma macroptera,citation292
962,Pterodroma madeira,citation292
963,Pterodroma madeira,citation46
964,Pterodroma madeira,citation22
965,Pterodroma magentae,citation162
966,Pterodroma magentae,citation292
967,Pterodroma magentae,citation46
968,Pterodroma magentae,citation144
969,Pterodroma mollis,citation60
970,Pterodroma mollis,citation162
971,Pterodroma mollis,citation292
972,Pterodroma neglecta,citation162
973,Pterodroma neglecta,citation292
974,Pterodroma nigripennis,citation162
975,Pterodroma phaeopygia,citation292
976,Pterodroma phaeopygia,citation293
977,Pterodroma phaeopygia,citation46
978,Pterodroma phaeopygia,citation263
979,Pterodroma pycrofti,citation162
980,Pterodroma pycrofti,citation46
981,Pterodroma rupinarum,citation191
982,Pterodroma sandwichensis,citation261
983,Pterodroma sandwichensis,citation262
984,Pterodroma sandwichensis,citation263
985,Pterodroma solandri,citation162
986,Pterodroma solandri,citation292
987,Pterodroma solandri,citation46
988,Pterodroma ultima,citation292
989,Pterodroma ultima,citation46
990,Pterodroma ultima,citation110
991,Puffinus assimilis,citation162
992,Puffinus assimilis,citation46
993,Puffinus auricularis,citation142
994,Puffinus auricularis,citation4
995,Puffinus bailloni,citation191
996,Puffinus bannermani,citation191
997,Puffinus bryani,citation219
998,Puffinus elegans,citation191
999,Puffinus gavia,citation162
1000,Puffinus gavia,citation46
1001,Puffinus gavia,citation151
1002,Puffinus heinrothi,citation292
1003,Puffinus heinrothi,citation46
1004,Puffinus huttoni,citation162
1005,Puffinus huttoni,citation64
1006,Puffinus lherminieri,citation119
1007,Puffinus lherminieri,citation162
1008,Puffinus lherminieri,citation46
1009,Puffinus mauretanicus,citation46
1010,Puffinus nativitatis,citation162
1011,Puffinus nativitatis,citation292
1012,Puffinus nativitatis,citation46
1013,Puffinus nativitatis,citation255
1014,Puffinus newelli,citation152
1015,Puffinus newelli,citation4
1016,Puffinus opisthomelas,citation292
1017,Puffinus opisthomelas,citation46
1018,Puffinus opisthomelas,citation151
1019,Puffinus persicus,citation191
1020,Puffinus puffinus,citation115
1021,Puffinus puffinus,citation116
1022,Puffinus puffinus,citation30
1023,Puffinus puffinus,citation60
1024,Puffinus puffinus,citation157
1025,Puffinus puffinus,citation110
1026,Puffinus puffinus,citation16
1027,Puffinus puffinus,citation34
1028,Puffinus puffinus,citation64
1029,Puffinus puffinus,citation33
1030,Puffinus subalaris,citation191
1031,Puffinus yelkouan,citation46
1032,Puffinus yelkouan,citation292
1033,Thalassoica antarctica,citation60
1034,Thalassoica antarctica,citation162
1035,Thalassoica antarctica,citation292
1036,Cladorhynchus leucocephalus,citation191
1037,Himantopus himantopus,citation191
1038,Himantopus novaezelandiae,citation191
1039,Recurvirostra americana,citation191
1040,Recurvirostra andina,citation191
1041,Recurvirostra avosetta,citation191
1042,Recurvirostra novaehollandiae,citation191
1043,Nycticryphes semicollaris,citation191
1044,Rostratula australis,citation191
1045,Rostratula benghalensis,citation191
1046,Actitis hypoleucos,citation191
1047,Actitis macularius,citation191
1048,Arenaria interpres,citation191
1049,Arenaria melanocephala,citation191
1050,Bartramia longicauda,citation191
1051,Calidris acuminata,citation191
1052,Calidris alba,citation191
1053,Calidris alpina,citation191
1054,Calidris bairdii,citation191
1055,Calidris canutus,citation191
1056,Calidris falcinellus,citation191
1057,Calidris ferruginea,citation191
1058,Calidris fuscicollis,citation191
1059,Calidris himantopus,citation191
1060,Calidris maritima,citation191
1061,Calidris mauri,citation191
1062,Calidris melanotos,citation191
1063,Calidris minuta,citation191
1064,Calidris minutilla,citation191
1065,Calidris ptilocnemis,citation191
1066,Calidris pugnax,citation191
1067,Calidris pusilla,citation191
1068,Calidris pygmaea,citation191
1069,Calidris ruficollis,citation191
1070,Calidris subminuta,citation191
1071,Calidris subruficollis,citation191
1072,Calidris temminckii,citation191
1073,Calidris tenuirostris,citation191
1074,Calidris virgata,citation191
1075,Coenocorypha aucklandica,citation191
1076,Coenocorypha barrierensis,citation191
1077,Coenocorypha huegeli,citation191
1078,Coenocorypha iredalei,citation191
1079,Coenocorypha pusilla,citation191
1080,Gallinago andina,citation191
1081,Gallinago delicata,citation191
1082,Gallinago gallinago,citation191
1083,Gallinago hardwickii,citation191
1084,Gallinago imperialis,citation191
1085,Gallinago jamesoni,citation191
1086,Gallinago macrodactyla,citation191
1087,Gallinago media,citation191
1088,Gallinago megala,citation191
1089,Gallinago nemoricola,citation191
1090,Gallinago nigripennis,citation191
1091,Gallinago nobilis,citation191
1092,Gallinago paraguaiae,citation191
1093,Gallinago solitaria,citation191
1094,Gallinago stenura,citation191
1095,Gallinago stricklandii,citation191
1096,Gallinago undulata,citation191
1097,Limnodromus griseus,citation191
1098,Limnodromus scolopaceus,citation191
1099,Limnodromus semipalmatus,citation191
1100,Limosa fedoa,citation191
1101,Limosa haemastica,citation191
1102,Limosa lapponica,citation191
1103,Limosa limosa,citation191
1104,Lymnocryptes minimus,citation191
1105,Numenius americanus,citation191
1106,Numenius arquata,citation191
1107,Numenius borealis,citation191
1108,Numenius madagascariensis,citation191
1109,Numenius minutus,citation191
1110,Numenius phaeopus,citation191
1111,Numenius tahitiensis,citation191
1112,Numenius tenuirostris,citation191
1113,Phalaropus fulicarius,citation191
1114,Phalaropus lobatus,citation191
1115,Prosobonia cancellata,citation191
1116,Prosobonia ellisi,citation191
1117,Prosobonia leucoptera,citation191
1118,Prosobonia parvirostris,citation191
1119,Scolopax bukidnonensis,citation191
1120,Scolopax celebensis,citation191
1121,Scolopax minor,citation191
1122,Scolopax mira,citation191
1123,Scolopax rochussenii,citation191
1124,Scolopax rosenbergii,citation191
1125,Scolopax rusticola,citation191
1126,Scolopax saturata,citation191
1127,Steganopus tricolor,citation191
1128,Tringa brevipes,citation191
1129,Tringa erythropus,citation191
1130,Tringa flavipes,citation191
1131,Tringa glareola,citation191
1132,Tringa guttifer,citation191
1133,Tringa incana,citation191
1134,Tringa melanoleuca,citation191
1135,Tringa nebularia,citation191
1136,Tringa ochropus,citation191
1137,Tringa semipalmata,citation191
1138,Tringa solitaria,citation191
1139,Tringa stagnatilis,citation191
1140,Tringa totanus,citation191
1141,Xenus cinereus,citation191
1142,Scopus umbretta,citation191
1143,Aptenodytes forsteri,citation60
1144,Aptenodytes forsteri,citation141
1145,Aptenodytes forsteri,citation148
1146,Aptenodytes forsteri,citation59
1147,Aptenodytes forsteri,citation162
1148,Aptenodytes forsteri,citation220
1149,Aptenodytes forsteri,citation129
1150,Aptenodytes forsteri,citation46
1151,Aptenodytes forsteri,citation143
1152,Aptenodytes patagonicus,citation270
1153,Aptenodytes patagonicus,citation59
1154,Aptenodytes patagonicus,citation15
1155,Aptenodytes patagonicus,citation187
1156,Aptenodytes patagonicus,citation162
1157,Aptenodytes patagonicus,citation163
1158,Aptenodytes patagonicus,citation296
1159,Aptenodytes patagonicus,citation245
1160,Aptenodytes patagonicus,citation203
1161,Aptenodytes patagonicus,citation143
1162,Eudyptes chrysocome,citation270
1163,Eudyptes chrysocome,citation60
1164,Eudyptes chrysocome,citation162
1165,Eudyptes chrysocome,citation303
1166,Eudyptes chrysocome,citation181
1167,Eudyptes chrysocome,citation143
1168,Eudyptes chrysolophus,citation61
1169,Eudyptes chrysolophus,citation60
1170,Eudyptes chrysolophus,citation163
1171,Eudyptes chrysolophus,citation303
1172,Eudyptes chrysolophus,citation107
1173,Eudyptes chrysolophus,citation42
1174,Eudyptes chrysolophus,citation70
1175,Eudyptes chrysolophus,citation143
1176,Eudyptes moseleyi,citation191
1177,Eudyptes pachyrhynchus,citation60
1178,Eudyptes pachyrhynchus,citation162
1179,Eudyptes pachyrhynchus,citation163
1180,Eudyptes pachyrhynchus,citation303
1181,Eudyptes robustus,citation60
1182,Eudyptes robustus,citation162
1183,Eudyptes robustus,citation303
1184,Eudyptes robustus,citation269
1185,Eudyptes robustus,citation119
1186,Eudyptes robustus,citation197
1187,Eudyptes schlegeli,citation162
1188,Eudyptes schlegeli,citation303
1189,Eudyptes sclateri,citation270
1190,Eudyptes sclateri,citation162
1191,Eudyptes sclateri,citation269
1192,Eudyptes sclateri,citation162
1193,Eudyptes sclateri,citation158
1194,Eudyptes sclateri,citation225
1195,Eudyptula minor,citation230
1196,Eudyptula minor,citation270
1197,Eudyptula minor,citation60
1198,Eudyptula minor,citation303
1199,Eudyptula minor,citation259
1200,Megadyptes antipodes,citation232
1201,Megadyptes antipodes,citation60
1202,Megadyptes antipodes,citation162
1203,Megadyptes antipodes,citation303
1204,Pygoscelis adeliae,citation276
1205,Pygoscelis adeliae,citation228
1206,Pygoscelis adeliae,citation60
1207,Pygoscelis adeliae,citation187
1208,Pygoscelis adeliae,citation162
1209,Pygoscelis adeliae,citation303
1210,Pygoscelis adeliae,citation85
1211,Pygoscelis adeliae,citation143
1212,Pygoscelis antarcticus,citation61
1213,Pygoscelis antarcticus,citation60
1214,Pygoscelis antarcticus,citation162
1215,Pygoscelis antarcticus,citation228
1216,Pygoscelis papua,citation61
1217,Pygoscelis papua,citation287
1218,Pygoscelis papua,citation162
1219,Pygoscelis papua,citation62
1220,Pygoscelis papua,citation303
1221,Spheniscus demersus,citation75
1222,Spheniscus demersus,citation163
1223,Spheniscus demersus,citation241
1224,Spheniscus demersus,citation303
1225,Spheniscus demersus,citation281
1226,Spheniscus humboldti,citation163
1227,Spheniscus magellanicus,citation162
1228,Spheniscus magellanicus,citation163
1229,Spheniscus magellanicus,citation303
1230,Spheniscus mendiculus,citation25
1231,Spheniscus mendiculus,citation163
1232,Spheniscus mendiculus,citation303
1233,Catharacta antarctica,citation40
1234,Catharacta antarctica,citation194
1235,Catharacta chilensis,citation40
1236,Catharacta chilensis,citation194
1237,Catharacta maccormicki,citation306
1238,Catharacta maccormicki,citation3
1239,Catharacta maccormicki,citation40
1240,Catharacta maccormicki,citation194
1241,Catharacta skua,citation92
1242,Catharacta skua,citation194
1243,Catharacta skua,citation227
1244,Catharacta skua,citation33
1245,Stercorarius longicaudus,citation194
1246,Stercorarius longicaudus,citation16
1247,Stercorarius parasiticus,citation193
1248,Stercorarius parasiticus,citation92
1249,Stercorarius parasiticus,citation93
1250,Stercorarius parasiticus,citation194
1251,Stercorarius parasiticus,citation301
1252,Stercorarius parasiticus,citation33
1253,Stercorarius parasiticus,citation206
1254,Stercorarius pomarinus,citation92
1255,Stercorarius pomarinus,citation194
1256,Stercorarius pomarinus,citation302
1257,Morus bassanus,citation183
1258,Morus bassanus,citation119
1259,Morus bassanus,citation170
1260,Morus bassanus,citation33
1261,Morus capensis,citation183
1262,Morus capensis,citation162
1263,Morus serrator,citation183
1264,Papasula abbotti,citation183
1265,Papasula abbotti,citation162
1266,Sula dactylatra,citation73
1267,Sula dactylatra,citation307
1268,Sula dactylatra,citation183
1269,Sula dactylatra,citation37
1270,Sula dactylatra,citation162
1271,Sula dactylatra,citation7
1272,Sula granti,citation183
1273,Sula granti,citation119
1274,Sula leucogaster,citation73
1275,Sula leucogaster,citation183
1276,Sula leucogaster,citation162
1277,Sula leucogaster,citation248
1278,Sula leucogaster,citation16
1279,Sula leucogaster,citation17
1280,Sula leucogaster,citation73
1281,Sula leucogaster,citation198
1282,Sula nebouxii,citation183
1283,Sula sula,citation183
1284,Sula sula,citation162
1285,Sula sula,citation250
1286,Sula variegata,citation183
1287,Attagis gayi,citation191
1288,Attagis malouinus,citation191
1289,Thinocorus orbignyianus,citation191
1290,Thinocorus rumicivorus,citation191
1291,Bostrychia bocagei,citation191
1292,Bostrychia carunculata,citation191
1293,Bostrychia hagedash,citation191
1294,Bostrychia olivacea,citation191
1295,Bostrychia rara,citation191
1296,Cercibis oxycerca,citation191
1297,Eudocimus albus,citation191
1298,Eudocimus ruber,citation191
1299,Geronticus calvus,citation191
1300,Geronticus eremita,citation191
1301,Lophotibis cristata,citation191
1302,Mesembrinibis cayennensis,citation191
1303,Nipponia nippon,citation191
1304,Phimosus infuscatus,citation191
1305,Platalea ajaja,citation191
1306,Platalea alba,citation191
1307,Platalea flavipes,citation191
1308,Platalea leucorodia,citation191
1309,Platalea minor,citation191
1310,Platalea regia,citation191
1311,Plegadis chihi,citation191
1312,Plegadis falcinellus,citation191
1313,Plegadis ridgwayi,citation191
1314,Pseudibis davisoni,citation191
1315,Pseudibis papillosa,citation191
1316,Thaumatibis gigantea,citation191
1317,Theristicus branickii,citation191
1318,Theristicus caerulescens,citation191
1319,Theristicus caudatus,citation191
1320,Theristicus melanopis,citation191
1321,Threskiornis aethiopicus,citation191
1322,Threskiornis bernieri,citation191
1323,Threskiornis melanocephalus,citation191
1324,Threskiornis moluccus,citation191
1325,Threskiornis solitarius,citation191
1326,Threskiornis spinicollis,citation191
1327,Ortyxelos meiffrenii,citation191
1328,Turnix castanotus,citation191
1329,Turnix everetti,citation191
1330,Turnix hottentottus,citation191
1331,Turnix maculosus,citation191
1332,Turnix melanogaster,citation191
1333,Turnix nanus,citation191
1334,Turnix nigricollis,citation191
1335,Turnix novaecaledoniae,citation191
1336,Turnix ocellatus,citation191
1337,Turnix olivii,citation191
1338,Turnix pyrrhothorax,citation191
1339,Turnix suscitator,citation191
1340,Turnix sylvaticus,citation191
1341,Turnix tanki,citation191
1342,Turnix varius,citation191
1343,Turnix velox,citation191
1344,Turnix worcesteri,citation191
